warehouse,schema,view_name,definition
SupplyChain_Processing_Warehouse,ForecastHistory_Enh,v_ForecastDemandMonthly,"
CREATE   VIEW ForecastHistory_Enh.v_ForecastDemandMonthly AS
-- 2026-05-19 SWAP: was Staging_Wrk.DemandForecastSnapshotDailyEdw (SC_LH ver2 → DF2)
-- 2026-05-22 SWAP: was EL.SupplyChain_Enh_1.DemandForecastSnapshotDaily (dirty, row-dup x16 from Q1 2025)
-- Now reads Staging_Wrk.DemandForecastSnapshotDaily (cross-mart cleaned, deduped via ROW_NUMBER=1).
-- Schema mapping: ts_snapshot → dfcSnapshot, code_customer_group → DfcCustomerGroups, etc.
-- Logic unchanged: ForecastCycle JOIN, Lag-N HorizonCode, GROUP BY summed forecast.
WITH Raw AS (
    SELECT 
        f.dfcItem                                            AS ItemSKU,
        f.dfcWarehouse                                       AS WarehouseCode,
        UPPER(f.DfcCustomerGroups)                           AS CustomerGroupCode,
        DATEFROMPARTS(CAST(f.dfcFiscalMonth/100 AS INT), CAST(f.dfcFiscalMonth%100 AS INT), 1) AS FiscalMonth,
        CAST(f.dfcSnapshot AS DATE)                          AS Snapshot,
        f.dfcResultantForecast                               AS QtyResultantForecast,
        f.dfcPromotionalLift                                 AS QtyPromotionalLift
    FROM Staging_Wrk.DemandForecastSnapshotDaily AS f
    INNER JOIN ReferenceMaster_Enh.ForecastCycle AS c ON CAST(f.dfcSnapshot AS DATE)=c.ForecastSnapshot
),
Calc AS (
    SELECT FC.ItemSKU, FC.WarehouseCode, FC.CustomerGroupCode,
        CAL.FSCMonthFirst, CAL.FSCMonthLast, FC.Snapshot,
        CASE WHEN (YEAR(FC.FiscalMonth)*12+MONTH(FC.FiscalMonth))-(YEAR(FC.Snapshot)*12+MONTH(FC.Snapshot))=0 THEN 'Lag-0'
             WHEN (YEAR(FC.FiscalMonth)*12+MONTH(FC.FiscalMonth))-(YEAR(FC.Snapshot)*12+MONTH(FC.Snapshot))=1 THEN 'Lag-1'
             WHEN (YEAR(FC.FiscalMonth)*12+MONTH(FC.FiscalMonth))-(YEAR(FC.Snapshot)*12+MONTH(FC.Snapshot))=2 THEN 'Lag-2'
             WHEN (YEAR(FC.FiscalMonth)*12+MONTH(FC.FiscalMonth))-(YEAR(FC.Snapshot)*12+MONTH(FC.Snapshot))=3 THEN 'Lag-3'
             WHEN (YEAR(FC.FiscalMonth)*12+MONTH(FC.FiscalMonth))-(YEAR(FC.Snapshot)*12+MONTH(FC.Snapshot))=4 THEN 'Lag-4'
             ELSE '>Lag-4' END AS HorizonCode,
        CAST(SUM(FC.QtyResultantForecast+FC.QtyPromotionalLift) AS FLOAT) AS QtyForecast,
        CAST(CONCAT('V ',FORMAT(FC.Snapshot,'yyyy.MM')) AS VARCHAR(20)) AS VersionCode, 'Forecast' AS StatusCode
    FROM Raw AS FC
    INNER JOIN ReferenceMaster_Enh.Calendar AS CAL ON CAL.Date=FC.FiscalMonth
    WHERE FC.FiscalMonth>=DATEADD(MONTH,-36,DATETRUNC(YEAR,DATEADD(MONTH,-6,CAST(GETDATE() AS DATE))))
      AND FC.FiscalMonth<=DATEADD(MONTH,12,DATETRUNC(YEAR,DATEADD(MONTH,6,CAST(GETDATE() AS DATE))))
    GROUP BY FC.ItemSKU, FC.WarehouseCode, FC.CustomerGroupCode, CAL.FSCMonthFirst, CAL.FSCMonthLast, FC.Snapshot, FC.FiscalMonth
)
SELECT CAST(TRIM(ItemSKU) AS VARCHAR(50)) AS ItemSKU, CAST(TRIM(WarehouseCode) AS VARCHAR(10)) AS WarehouseCode,
    CAST(TRIM(CustomerGroupCode) AS VARCHAR(50)) AS CustomerGroupCode,
    CAST(FSCMonthFirst AS DATE) AS FSCMonthFirst, CAST(FSCMonthLast AS DATE) AS FSCMonthLast,
    CAST(Snapshot AS DATE) AS Snapshot, CAST(TRIM(HorizonCode) AS VARCHAR(10)) AS HorizonCode,
    CAST(QtyForecast AS FLOAT) AS QtyForecast, CAST(TRIM(VersionCode) AS VARCHAR(20)) AS VersionCode,
    CAST(TRIM(StatusCode) AS VARCHAR(20)) AS StatusCode
FROM Calc;
"
SupplyChain_Processing_Warehouse,ForecastHistory_Enh,v_NaiveForecastMonthly,"-- ---- ForecastHistory_Enh.v_NaiveForecastMonthly ----
CREATE VIEW ForecastHistory_Enh.v_NaiveForecastMonthly AS
WITH
mw AS (SELECT FSCMonthFirst, COUNT(DISTINCT FSCWeekFirst) AS NumWeeks FROM ReferenceMaster_Enh.Calendar GROUP BY FSCMonthFirst),
am AS (SELECT ItemSKU, WarehouseCode, CustomerGroupCode, FSCMonthFirst, FSCMonthLast, SUM(QtyDemand) AS QtyActual FROM SalesHistory_Enh.ActualDemandMonthly GROUP BY ItemSKU, WarehouseCode, CustomerGroupCode, FSCMonthFirst, FSCMonthLast),
al AS (SELECT A.*, MW.NumWeeks,
    LAG(A.QtyActual) OVER (PARTITION BY A.ItemSKU, A.WarehouseCode, A.CustomerGroupCode ORDER BY A.FSCMonthFirst) AS QtyActualPrior,
    LAG(MW.NumWeeks) OVER (PARTITION BY A.ItemSKU, A.WarehouseCode, A.CustomerGroupCode ORDER BY A.FSCMonthFirst) AS NumWeeksPrior
    FROM am A INNER JOIN mw MW ON MW.FSCMonthFirst=A.FSCMonthFirst),
cf AS (SELECT TOP 1 FSCYearNum FROM ReferenceMaster_Enh.Calendar WHERE Date=CAST(GETDATE() AS DATE))
SELECT L.ItemSKU, L.WarehouseCode, L.CustomerGroupCode, L.FSCMonthFirst, L.FSCMonthLast,
    CAST(L.QtyActualPrior/L.NumWeeksPrior*L.NumWeeks AS INT) AS QtyDemand,
    'Naive Forecast' AS StatusCode, 'Naive Forecast' AS VersionName
FROM al L INNER JOIN ReferenceMaster_Enh.Calendar CAL ON CAL.Date=L.FSCMonthFirst CROSS JOIN cf
WHERE L.QtyActualPrior IS NOT NULL AND L.NumWeeksPrior>0 AND L.WarehouseCode NOT IN ('C','CNW','C35','55')
    AND CAL.FSCMonthYearNum>=(cf.FSCYearNum-3)*100 AND CAL.FSCMonthYearNum<=(cf.FSCYearNum+1)*100+1299"
SupplyChain_Processing_Warehouse,InventoryHistory_Enh,v_AwdHelper,"CREATE   VIEW InventoryHistory_Enh.v_AwdHelper AS
-- CORE CONCEPT UPDATE 2026-05-22:
--   Forecast demand = next 3 fiscal months, not one forecast week.
--   DailyFcstQty = ThreeMoForecastQty / HorizonDays.
--   Dependent demand rolls buy/source-dependent demand to source warehouse via InventorySnapshotWeekly.SourceWarehouseCode.
--   TotalDemandDailyQty = DailyFcstQty + DependentDemandDailyQty.
--   AwdQty is weekly-equivalent demand for existing Gold WeeksOfSupply.
--   AwdDailyQty is daily demand for DaysOfSupply = OnHandQty / AwdDailyQty.
--   If forecast demand is zero or missing, fallback to 13-week shipped demand.
-- 2026-05-20 FIX (Giang #4): three-month forecast uses FiscalMonthDate (forecast period)
-- 2026-05-21 PERF OPTIMIZATION: limit latest_snap lookback to 13 weeks of forecast snapshots.
-- Pre-fix: 153M ForecastSnapshotWeekly × 100+ AsOfDates → huge intermediate JOIN.
-- Post-fix: only join snapshots within 13W of each AsOfDate → ~13× weekly snapshots scanned per AsOfDate.
-- Grain: (ItemSku, WarehouseCode, AsOfDate)
WITH _InventoryCurrent AS (
    -- INLINED 2026-05-21 (Option B): was InventoryHistory_Enh.InventoryCurrent (dropped entity)
    SELECT
        CAST(TRIM(b.ITNBR)              AS VARCHAR(50))   AS ItemSku,
        CAST(TRIM(b.HOUSE)              AS VARCHAR(50))   AS WarehouseCode,
        CAST(b.MOHTQ                    AS DECIMAL(18,4)) AS OnHandQty,
        CAST(TRIM(b.ITCLS)              AS VARCHAR(50))   AS ItemClassCode,
        CAST(CAST(SYSUTCDATETIME() AS DATE) AS DATE)      AS SnapshotDate
    FROM [Enterprise_Lakehouse].[ItemMaster_AFI].[ITEMBL] b
    WHERE LEFT(TRIM(b.ITCLS), 1) = 'Z'
      AND RIGHT(TRIM(b.ITCLS), 1) = 'K' -- FG
),
asof_dates AS (
    SELECT CAST(SYSUTCDATETIME() AS DATE) AS AsOfDate
    UNION
    SELECT DISTINCT SnapshotWeekEndingDate
    FROM InventoryHistory_Enh.InventorySnapshotWeekly
    WHERE SnapshotWeekEndingDate >= DATEADD(week, -156, CAST(SYSUTCDATETIME() AS DATE)) -- Giang Historical weekly 3 years
),
asof AS (
    SELECT
        AsOfDate,
        DATEFROMPARTS(YEAR(AsOfDate), MONTH(AsOfDate), 1) AS HorizonStartDate,
        DATEADD(month, 3, DATEFROMPARTS(YEAR(AsOfDate), MONTH(AsOfDate), 1)) AS HorizonEndDate,
        DATEDIFF(day,
            DATEFROMPARTS(YEAR(AsOfDate), MONTH(AsOfDate), 1),
            DATEADD(month, 3, DATEFROMPARTS(YEAR(AsOfDate), MONTH(AsOfDate), 1))
        ) AS HorizonDays
    FROM asof_dates
),
item_wh AS (
    SELECT DISTINCT ItemSku, WarehouseCode FROM _InventoryCurrent
    UNION
    SELECT DISTINCT ItemSku, WarehouseCode FROM InventoryHistory_Enh.InventorySnapshotWeekly
),
-- Pre-limit ForecastSnapshotWeekly to last 13 weeks of snapshots (weekly cadence → ~13 rows per Item×WH)
fcst_recent AS (
    SELECT
        ItemSku,
        WarehouseCode,
        SnapshotDate,
        FiscalMonthDate,
        ForecastQty
    FROM InventoryHistory_Enh.ForecastSnapshotWeekly
    WHERE SnapshotDate >= DATEADD(week, -156, CAST(SYSUTCDATETIME() AS DATE))
      AND SnapshotDate <= CAST(SYSUTCDATETIME() AS DATE)
      AND FiscalMonthDate IS NOT NULL
),
latest_snap AS (
    SELECT
        f.ItemSku, f.WarehouseCode, a.AsOfDate,
        MAX(f.SnapshotDate) AS LatestSnapshotDate
    FROM fcst_recent f
    JOIN asof a
         ON f.SnapshotDate <= a.AsOfDate
        AND f.SnapshotDate >= DATEADD(week, -13, a.AsOfDate)   -- only look back 13W of weekly snapshots
    GROUP BY f.ItemSku, f.WarehouseCode, a.AsOfDate
),
inventory_source AS (
    SELECT
        isw.ItemSku,
        isw.WarehouseCode,
        a.AsOfDate,
        MAX(isw.SnapshotWeekEndingDate) AS LatestInventorySnapshotDate
    FROM InventoryHistory_Enh.InventorySnapshotWeekly isw
    JOIN asof a
         ON isw.SnapshotWeekEndingDate <= a.AsOfDate
        AND isw.SnapshotWeekEndingDate >= DATEADD(week, -13, a.AsOfDate)
    WHERE isw.MakeBuyCode IS NOT NULL
       OR isw.SourceWarehouseCode IS NOT NULL
    GROUP BY isw.ItemSku, isw.WarehouseCode, a.AsOfDate
),
source_map AS (
    -- Reference: Inventory Health Dataset.sql #DPD.
    -- Buy/source-dependent demand is identified by MBX='X' and rolled to dinSource1.
    -- Collapse fiscal-month inventory rows to one mapping row per ItemSku + WarehouseCode + AsOfDate.
    -- Assumption: MakeBuyCode and SourceWarehouseCode are stable across the 3 fiscal months in scope.
    SELECT
        src.ItemSku,
        src.WarehouseCode,
        src.AsOfDate,
        CAST(MAX(NULLIF(TRIM(isw.MakeBuyCode), '')) AS VARCHAR(10)) AS MakeBuyCode,
        CAST(MAX(NULLIF(TRIM(isw.SourceWarehouseCode), '')) AS VARCHAR(50)) AS SourceWarehouseCode
    FROM inventory_source src
    JOIN InventoryHistory_Enh.InventorySnapshotWeekly isw
         ON isw.ItemSku = src.ItemSku
        AND isw.WarehouseCode = src.WarehouseCode
        AND isw.SnapshotWeekEndingDate = src.LatestInventorySnapshotDate
    GROUP BY
        src.ItemSku,
        src.WarehouseCode,
        src.AsOfDate
),
forecast_components AS (
    -- Direct forecast demand stays at the forecast warehouse.
    SELECT
        ls.ItemSku,
        ls.WarehouseCode,
        ls.AsOfDate,
        SUM(f.ForecastQty) AS ThreeMoForecastQty,
        CAST(0 AS DECIMAL(18,4)) AS ThreeMoDependentDemandQty
    FROM latest_snap ls
    JOIN fcst_recent f
         ON f.ItemSku = ls.ItemSku
        AND f.WarehouseCode = ls.WarehouseCode
        AND f.SnapshotDate = ls.LatestSnapshotDate
    JOIN asof a
         ON a.AsOfDate = ls.AsOfDate
        AND f.FiscalMonthDate >= a.HorizonStartDate
        AND f.FiscalMonthDate <  a.HorizonEndDate
    GROUP BY ls.ItemSku, ls.WarehouseCode, ls.AsOfDate

    UNION ALL

    -- Dependent demand rolls from buy/source-dependent warehouse to source warehouse.
    SELECT
        ls.ItemSku,
        CAST(NULLIF(TRIM(sm.SourceWarehouseCode), '') AS VARCHAR(50)) AS WarehouseCode,
        ls.AsOfDate,
        CAST(0 AS DECIMAL(18,4)) AS ThreeMoForecastQty,
        SUM(f.ForecastQty) AS ThreeMoDependentDemandQty
    FROM latest_snap ls
    JOIN fcst_recent f
         ON f.ItemSku = ls.ItemSku
        AND f.WarehouseCode = ls.WarehouseCode
        AND f.SnapshotDate = ls.LatestSnapshotDate
    JOIN asof a
         ON a.AsOfDate = ls.AsOfDate
        AND f.FiscalMonthDate >= a.HorizonStartDate
        AND f.FiscalMonthDate <  a.HorizonEndDate
    JOIN source_map sm
         ON sm.ItemSku = f.ItemSku
        AND sm.WarehouseCode = f.WarehouseCode
        AND sm.AsOfDate = ls.AsOfDate
    WHERE TRIM(sm.MakeBuyCode) = 'X'
      AND NULLIF(TRIM(sm.SourceWarehouseCode), '') IS NOT NULL
    GROUP BY ls.ItemSku, CAST(NULLIF(TRIM(sm.SourceWarehouseCode), '') AS VARCHAR(50)), ls.AsOfDate
),
demand_3mo AS (
    SELECT
        ItemSku,
        WarehouseCode,
        AsOfDate,
        SUM(ThreeMoForecastQty) AS ThreeMoForecastQty,
        SUM(ThreeMoDependentDemandQty) AS ThreeMoDependentDemandQty,
        SUM(ThreeMoForecastQty + ThreeMoDependentDemandQty) AS ThreeMoTotalDemandQty
    FROM forecast_components
    WHERE WarehouseCode IS NOT NULL
    GROUP BY ItemSku, WarehouseCode, AsOfDate
),
hist13w AS (
    SELECT
        TRIM(s.ItemSKU)      AS ItemSku,
        TRIM(s.WarehouseCode) AS WarehouseCode,
        a.AsOfDate,
        SUM(CAST(s.QtyShipped AS DECIMAL(18,4))) AS Hist13WQty
    FROM SalesHistory_Enh.v_InvoiceDetailLineLevel s
    JOIN asof a
        ON s.InvoiceDate > DATEADD(WEEK, -13, a.AsOfDate)
        AND s.InvoiceDate <= a.AsOfDate
    WHERE s.ItemSKU IS NOT NULL
      AND s.WarehouseCode IS NOT NULL
      AND TRIM(s.ItemSKU) <> ''
      AND TRIM(s.WarehouseCode) <> ''
      AND s.InvoiceDate IS NOT NULL
    GROUP BY
        TRIM(s.ItemSKU),
        TRIM(s.WarehouseCode),
        a.AsOfDate
)
SELECT
    CAST(iw.ItemSku        AS VARCHAR(50))   AS ItemSku,
    CAST(iw.WarehouseCode  AS VARCHAR(50))   AS WarehouseCode,
    CAST(a.AsOfDate        AS DATE)          AS AsOfDate,
    CAST(a.HorizonStartDate AS DATE)         AS HorizonStartDate,
    CAST(a.HorizonEndDate   AS DATE)         AS HorizonEndDate,
    CAST(a.HorizonDays      AS INT)          AS HorizonDays,
    CAST(ISNULL(d.ThreeMoForecastQty, 0) AS DECIMAL(18,4)) AS ThreeMoForecastQty,
    CAST(ISNULL(d.ThreeMoDependentDemandQty, 0) AS DECIMAL(18,4)) AS ThreeMoDependentDemandQty,
    CAST(ISNULL(d.ThreeMoTotalDemandQty, 0) AS DECIMAL(18,4)) AS ThreeMoTotalDemandQty,
    CAST(ISNULL(d.ThreeMoTotalDemandQty, 0) AS DECIMAL(18,4)) AS Fwd13WForecastQty,
    CAST(ISNULL(h.Hist13WQty, 0) AS DECIMAL(18,4)) AS Hist13WShippedQty,
    CAST(ISNULL(d.ThreeMoForecastQty, 0) / NULLIF(a.HorizonDays, 0) AS DECIMAL(18,4)) AS DailyFcstQty,
    CAST(ISNULL(d.ThreeMoDependentDemandQty, 0) / NULLIF(a.HorizonDays, 0) AS DECIMAL(18,4)) AS DependentDemandDailyQty,
    CAST(ISNULL(d.ThreeMoTotalDemandQty, 0) / NULLIF(a.HorizonDays, 0) AS DECIMAL(18,4)) AS TotalDemandDailyQty,
    CAST(ISNULL(h.Hist13WQty, 0) / 91.0 AS DECIMAL(18,4)) AS Hist13WShippedDailyQty,
    CAST(CASE
        WHEN ISNULL(d.ThreeMoTotalDemandQty, 0) > 0
        THEN CAST(d.ThreeMoTotalDemandQty / 13.0 AS DECIMAL(18,4))
        ELSE CAST(ISNULL(h.Hist13WQty, 0) / 13.0 AS DECIMAL(18,4))
    END AS DECIMAL(18,4))                     AS AwdQty,
    CAST(CASE
        WHEN ISNULL(d.ThreeMoTotalDemandQty, 0) > 0
        THEN CAST(d.ThreeMoTotalDemandQty / NULLIF(a.HorizonDays, 0) AS DECIMAL(18,4))
        ELSE CAST(ISNULL(h.Hist13WQty, 0) / 91.0 AS DECIMAL(18,4))
    END AS DECIMAL(18,4))                     AS AwdDailyQty,
    CAST(CASE
        WHEN ISNULL(d.ThreeMoTotalDemandQty, 0) > 0
             AND ISNULL(d.ThreeMoDependentDemandQty, 0) > 0 THEN 'Forecast+Dependent'
        WHEN ISNULL(d.ThreeMoTotalDemandQty, 0) > 0 THEN 'Forecast'
        ELSE 'HistoricalFallback'
    END AS VARCHAR(20))                       AS AwdSource
FROM item_wh iw
CROSS JOIN asof a
LEFT JOIN demand_3mo d
       ON d.ItemSku = iw.ItemSku
      AND d.WarehouseCode = iw.WarehouseCode
      AND d.AsOfDate = a.AsOfDate
LEFT JOIN hist13w h
       ON h.ItemSku = iw.ItemSku
      AND h.WarehouseCode = iw.WarehouseCode
      AND h.AsOfDate = a.AsOfDate
WHERE COALESCE(d.ThreeMoTotalDemandQty, h.Hist13WQty) IS NOT NULL"
SupplyChain_Processing_Warehouse,InventoryHistory_Enh,v_ForecastSnapshotWeekly,"CREATE   VIEW InventoryHistory_Enh.v_ForecastSnapshotWeekly AS
-- CORE CONCEPT UPDATE 2026-05-22:
--   SnapshotDate is the capture date; FiscalMonthDate is the forecast period.
--   Weekly reporting uses Saturday captures from the daily staging source.
--   Forecast demand is consumed downstream as next 3 fiscal months, not a single week.
--   Reference: Inventory Health Dataset.sql uses ResultantForecast + PromotionalLift for demand.
-- 2026-05-20 FIX (Giang #2+#3):
--   dfcSnapshot is CAPTURE DATE, not week-ending → renamed alias WeekEndingDate → SnapshotDate
--   Added FiscalMonth + FiscalMonthDate dimensions (36 forward months per snapshot)
-- Grain: (ItemSku, WarehouseCode, SnapshotDate, FiscalMonth)
SELECT
    CAST(TRIM(dfcItem)             AS VARCHAR(50))   AS ItemSku,
    CAST(TRIM(dfcWarehouse)        AS VARCHAR(50))   AS WarehouseCode,
    CAST(dfcSnapshot               AS DATE)          AS SnapshotDate,
    CAST(dfcSnapshot               AS DATE)          AS SnapshotWeekEndingDate,
    CAST(dfcFiscalMonth            AS INT)           AS FiscalMonth,
    CAST(DATEFROMPARTS(
        CAST(dfcFiscalMonth/100 AS INT),
        CAST(dfcFiscalMonth%100 AS INT),
        1) AS DATE)                                  AS FiscalMonthDate,
    CAST(SUM(ISNULL(CAST(dfcResultantForecast AS DECIMAL(18,4)), 0)
           + ISNULL(CAST(dfcPromotionalLift   AS DECIMAL(18,4)), 0)) AS DECIMAL(18,4)) AS ForecastQty,
    CAST(SUM(ISNULL(CAST(dfcPromotionalLift   AS DECIMAL(18,4)), 0)) AS DECIMAL(18,4)) AS PromoLiftQty,
    -- CAST(SUM(CAST(dfcPermComptQty      AS DECIMAL(18,4))) AS DECIMAL(18,4)) AS PermComptQty, --Giang: hiện ko sử dụng
    -- CAST(SUM(CAST(dfcPermComptQty      AS DECIMAL(18,4))) AS DECIMAL(18,4)) AS DependentForecastQty, --Giang: sai
    CAST('Staging_Wrk'                    AS VARCHAR(64))  AS SourceSystem,
    CAST('DemandForecastSnapshotDaily'    AS VARCHAR(128)) AS SourceTable
FROM Staging_Wrk.DemandForecastSnapshotDaily
WHERE dfcItem IS NOT NULL AND dfcWarehouse IS NOT NULL
  AND dfcFiscalMonth IS NOT NULL
  AND CAST(dfcFiscalMonth AS INT) % 100 BETWEEN 1 AND 12
  AND dfcSnapshot IS NOT NULL
  -- Weekly reporting grain: keep Saturday captures only.
  AND DATEDIFF(day, CAST('19000106' AS DATE), CAST(dfcSnapshot AS DATE)) % 7 = 0
GROUP BY
    TRIM(dfcItem),
    TRIM(dfcWarehouse),
    CAST(dfcSnapshot AS DATE),
    dfcFiscalMonth"
SupplyChain_Processing_Warehouse,InventoryHistory_Enh,v_HoldingTransferSnapshotDaily,"-- ---- InventoryHistory_Enh.v_HoldingTransferSnapshotDaily ----
CREATE   VIEW InventoryHistory_Enh.v_HoldingTransferSnapshotDaily AS
WITH _HoldingTransfer AS (
    -- INLINED 2026-05-21 (Option B): was InventoryHistory_Enh.HoldingTransfer
    -- Reference: etl/Holding Transfers.sql.
    -- Business signal: same-warehouse transfer (HFHOUS = HTHOUS) is an on-hold candidate.
    -- Current metric keeps active/non-cancelled transfers for OnHoldQty compatibility.
    SELECT
        TransferNumber, ItemSku, WarehouseCode, SourceWarehouseCode, ReceivingWarehouseCode,
        ShipDateKey, ShipDate, ShipWeekEndingDate, DueDateKey, DueDate, DueWeekEndingDate,
        HeaderComment, DetailComment, TransferQty, ShippedQty, TotalShippedQty,
        ExpediteCode, FirmCode, TransferCube, HeaderStatus, CancelFlag
    FROM (
        SELECT
            TRIM(d.DTFRNO)                       AS TransferNumber,
            TRIM(d.DITNBR)                       AS ItemSku,
            TRIM(h.HFHOUS)                       AS WarehouseCode,
            TRIM(h.HFHOUS)                       AS SourceWarehouseCode,
            TRIM(h.HTHOUS)                       AS ReceivingWarehouseCode,
            CAST(h.HSHDTE AS INT)                AS ShipDateKey,
            TRY_CONVERT(DATE, CONVERT(VARCHAR(8), h.HSHDTE), 112) AS ShipDate,
            CAST(DATEADD(day,
                (7 - (DATEDIFF(day, CAST('19000106' AS DATE), TRY_CONVERT(DATE, CONVERT(VARCHAR(8), h.HSHDTE), 112)) % 7)) % 7,
                TRY_CONVERT(DATE, CONVERT(VARCHAR(8), h.HSHDTE), 112)) AS DATE) AS ShipWeekEndingDate,
            CAST(h.HDLDTE AS INT)                AS DueDateKey,
            TRY_CONVERT(DATE, CONVERT(VARCHAR(8), h.HDLDTE), 112) AS DueDate,
            CAST(DATEADD(day,
                (7 - (DATEDIFF(day, CAST('19000106' AS DATE), TRY_CONVERT(DATE, CONVERT(VARCHAR(8), h.HDLDTE), 112)) % 7)) % 7,
                TRY_CONVERT(DATE, CONVERT(VARCHAR(8), h.HDLDTE), 112)) AS DATE) AS DueWeekEndingDate,
            CAST(h.HTRCMT AS VARCHAR(200))       AS HeaderComment,
            CAST(d.DCOMNT AS VARCHAR(200))       AS DetailComment,
            CAST(d.DTFRQT AS DECIMAL(18,4))      AS TransferQty,
            CAST(d.DSHPQT AS DECIMAL(18,4))      AS ShippedQty,
            CAST(d.DTSHPQ AS DECIMAL(18,4))      AS TotalShippedQty,
            CAST(d.DEXPED AS VARCHAR(20))        AS ExpediteCode,
            CAST(d.DFIRMC AS VARCHAR(20))        AS FirmCode,
            CAST(d.DCUBES AS DECIMAL(18,4))      AS TransferCube,
            TRIM(h.HSTATS)                       AS HeaderStatus,
            TRIM(h.HCANCL)                       AS CancelFlag,
            ROW_NUMBER() OVER (
                PARTITION BY TRIM(d.DTFRNO), TRIM(d.DITNBR)
                ORDER BY h.HDLDTE DESC
            ) AS rn
        FROM [Enterprise_Lakehouse].[Manufacturing_Inventory_AFI].[TFRDTL] d
        JOIN [Enterprise_Lakehouse].[Manufacturing_Inventory_AFI].[TFRHDR] h
             ON TRIM(d.DTFRNO) = TRIM(h.HTFRNO)
        WHERE TRIM(h.HFHOUS) = TRIM(h.HTHOUS)
        --   AND TRIM(h.HCANCL) = 'N' 
          AND d.DITNBR IS NOT NULL AND h.HFHOUS IS NOT NULL
          AND TRIM(d.DITNBR) <> '' AND TRIM(h.HFHOUS) <> ''
    ) ranked
    WHERE ranked.rn = 1
)
SELECT
    CAST(CAST(SYSUTCDATETIME() AS DATE)  AS DATE)        AS SnapshotDate,
    CAST(TransferNumber                  AS VARCHAR(50)) AS TransferNumber,
    CAST(ROW_NUMBER() OVER (PARTITION BY TransferNumber ORDER BY ItemSku) AS INT) AS TransferLine,
    CAST(ItemSku                         AS VARCHAR(50))  AS ItemSku,
    CAST(WarehouseCode                   AS VARCHAR(50))  AS WarehouseCode,
    CAST(SourceWarehouseCode             AS VARCHAR(50))  AS SourceWarehouseCode,
    CAST(ReceivingWarehouseCode          AS VARCHAR(50))  AS ReceivingWarehouseCode,
    CAST(ShipDateKey                     AS INT)          AS ShipDateKey,
    CAST(ShipDate                        AS DATE)         AS ShipDate,
    CAST(ShipWeekEndingDate              AS DATE)         AS ShipWeekEndingDate,
    CAST(DueDateKey                      AS INT)          AS DueDateKey,
    CAST(DueDate                         AS DATE)         AS DueDate,
    CAST(DueWeekEndingDate               AS DATE)         AS DueWeekEndingDate,
    CAST(HeaderComment                   AS VARCHAR(200)) AS HeaderComment,
    CAST(DetailComment                   AS VARCHAR(200)) AS DetailComment,
    CAST(TransferQty                     AS DECIMAL(18,4)) AS TransferQty,
    CAST(ShippedQty                      AS DECIMAL(18,4)) AS ShippedQty,
    CAST(TotalShippedQty                 AS DECIMAL(18,4)) AS TotalShippedQty,
    CAST(ExpediteCode                    AS VARCHAR(20)) AS ExpediteCode,
    CAST(FirmCode                        AS VARCHAR(20)) AS FirmCode,
    CAST(TransferCube                    AS DECIMAL(18,4)) AS TransferCube,
    CAST(HeaderStatus                    AS VARCHAR(10))  AS HeaderStatus,
    CAST(CancelFlag                      AS VARCHAR(10))  AS CancelFlag,
    CAST('Manufacturing_Inventory_AFI'   AS VARCHAR(64))  AS SourceSystem,
    CAST('TFRDTL+TFRHDR'                 AS VARCHAR(128)) AS SourceTable
FROM _HoldingTransfer"
SupplyChain_Processing_Warehouse,InventoryHistory_Enh,v_InventorySnapshotWeekly,"CREATE   VIEW InventoryHistory_Enh.v_InventorySnapshotWeekly AS
-- CORE CONCEPT UPDATE 2026-05-27:
--   DemandInventorySnapshotWeekly captures Monday snapshots, while Inventory Health needs Saturday snapshots.
--   Use DemandInventorySnapshotDaily and filter to Saturday captures.
--   SnapshotWeekEndingDate is now the actual Saturday capture date.
--   FiscalMonth/FiscalMonthDate describe the inventory forecast period.
--   Grain: (ItemSku, WarehouseCode, SnapshotWeekEndingDate, FiscalMonth).
--   Do not use InventoryHistory_Enh.ItemBalanceHistorical as backup/backfill information.
WITH source_rows AS (
    SELECT
        CAST(TRIM(dinItem) AS VARCHAR(50)) AS ItemSku,
        CAST(TRIM(dinWarehouse) AS VARCHAR(50)) AS WarehouseCode,
        CAST(dinSnapshot AS DATE) AS SnapshotDate,
        CAST(dinSnapshot AS DATE) AS SnapshotWeekEndingDate,
        CAST(dinFiscalMonth AS INT) AS FiscalMonth,
        CAST(DATEFROMPARTS(CAST(dinFiscalMonth / 100 AS INT), CAST(dinFiscalMonth % 100 AS INT), 1) AS DATE) AS FiscalMonthDate,
        CAST(dinOnHandQuantity AS DECIMAL(18,4)) AS OnHandQty,
        CAST(dinSafetyStock AS DECIMAL(18,4)) AS SafetyStockTarget,
        CAST(dinIOSafetyStock AS DECIMAL(18,4)) AS IOSafetyStock,
        CAST(dinOrderQuantity AS DECIMAL(18,4)) AS OrderQty,
        CAST(dinBuildQuantity AS DECIMAL(18,4)) AS BuildQty,
        CAST(TRIM(dinMakeBuyCode) AS VARCHAR(10)) AS MakeBuyCode,
        CAST(TRIM(dinSource1) AS VARCHAR(50))  AS SourceWarehouseCode,
        CAST('DemandInventorySnapshotDaily' AS VARCHAR(50)) AS SourceLabel,
        CAST('SupplyChain_Enh_1' AS VARCHAR(64)) AS SourceSystem,
        CAST('DemandInventorySnapshotDaily (Sat dedupe)' AS VARCHAR(128)) AS SourceTable,
        dtec,
        dtea
    FROM [Enterprise_Lakehouse].[SupplyChain_Enh_1].[DemandInventorySnapshotDaily]
    WHERE dinItem IS NOT NULL AND dinWarehouse IS NOT NULL
      AND TRIM(dinItem) <> '' AND TRIM(dinWarehouse) <> ''
      AND dinFiscalMonth IS NOT NULL
      AND CAST(dinFiscalMonth AS INT) BETWEEN 190001 AND 209912
      AND CAST(dinFiscalMonth AS INT) % 100 BETWEEN 1 AND 12
      AND ((DATEDIFF(day, CAST('19000101' AS DATE), CAST(dinSnapshot AS DATE)) % 7) + 1) = 6
), ranked AS (
    SELECT *,
        ROW_NUMBER() OVER (
            PARTITION BY ItemSku, WarehouseCode, SnapshotWeekEndingDate, FiscalMonth
            ORDER BY dtec DESC, dtea DESC
        ) AS rn
    FROM source_rows
)
SELECT 
    ItemSku, WarehouseCode, SnapshotWeekEndingDate, FiscalMonth, FiscalMonthDate, MakeBuyCode, SourceWarehouseCode,
    OnHandQty, SafetyStockTarget, IOSafetyStock, OrderQty, BuildQty,
    SourceLabel, SourceSystem, SourceTable
FROM ranked WHERE rn = 1"
SupplyChain_Processing_Warehouse,InventoryHistory_Enh,v_InventorySnapshotWeeklyFactBase,"-- DA feedback compatibility adapter for Gold fact grain.
-- Source of truth for weekly inventory is now InventoryHistory_Enh.InventorySnapshotWeekly
-- generated from Giang's DA SQL export:
--   SnapshotDate := SnapshotWeekEndingDate
--   ItemStatus   := NULL (not provided by DA InventorySnapshotWeekly)

CREATE   VIEW InventoryHistory_Enh.v_InventorySnapshotWeeklyFactBase AS
WITH ranked AS (
    SELECT
        ItemSku,
        WarehouseCode,
        SnapshotWeekEndingDate,
        FiscalMonth,
        FiscalMonthDate,
        OnHandQty,
        SafetyStockTarget,
        IOSafetyStock,
        OrderQty,
        BuildQty,
        SourceLabel,
        SourceSystem,
        SourceTable,
        ROW_NUMBER() OVER (
            PARTITION BY ItemSku, WarehouseCode, SnapshotWeekEndingDate
            ORDER BY
                CASE
                    WHEN FiscalMonthDate IS NULL THEN 2
                    WHEN FiscalMonthDate >= DATEFROMPARTS(YEAR(SnapshotWeekEndingDate), MONTH(SnapshotWeekEndingDate), 1) THEN 0
                    ELSE 1
                END,
                CASE
                    WHEN FiscalMonthDate >= DATEFROMPARTS(YEAR(SnapshotWeekEndingDate), MONTH(SnapshotWeekEndingDate), 1)
                    THEN FiscalMonthDate
                END ASC,
                FiscalMonthDate DESC
        ) AS rn
    FROM InventoryHistory_Enh.InventorySnapshotWeekly
)
SELECT
    CAST(ItemSku AS VARCHAR(50)) COLLATE Latin1_General_100_CI_AS_KS_WS_SC_UTF8 AS ItemSku,
    CAST(WarehouseCode AS VARCHAR(50)) COLLATE Latin1_General_100_CI_AS_KS_WS_SC_UTF8 AS WarehouseCode,
    CAST(SnapshotWeekEndingDate AS DATE) AS SnapshotDate,
    CAST(FiscalMonth AS INT) AS FiscalMonth,
    CAST(FiscalMonthDate AS DATE) AS FiscalMonthDate,
    CAST(OnHandQty AS DECIMAL(18,4)) AS OnHandQty,
    CAST(SafetyStockTarget AS DECIMAL(18,4)) AS SafetyStockTarget,
    CAST(IOSafetyStock AS DECIMAL(18,4)) AS IOSafetyStock,
    CAST(OrderQty AS DECIMAL(18,4)) AS OrderQty,
    CAST(BuildQty AS DECIMAL(18,4)) AS BuildQty,
    CAST(NULL AS VARCHAR(10)) COLLATE Latin1_General_100_CI_AS_KS_WS_SC_UTF8 AS ItemStatus,
    CAST(SourceLabel AS VARCHAR(50)) COLLATE Latin1_General_100_CI_AS_KS_WS_SC_UTF8 AS SourceLabel,
    CAST(SourceSystem AS VARCHAR(64)) COLLATE Latin1_General_100_CI_AS_KS_WS_SC_UTF8 AS SourceSystem,
    CAST(SourceTable AS VARCHAR(128)) COLLATE Latin1_General_100_CI_AS_KS_WS_SC_UTF8 AS SourceTable
FROM ranked
WHERE rn = 1;
"
SupplyChain_Processing_Warehouse,InventoryHistory_Enh,v_ItemBalanceHistorical,"CREATE   VIEW InventoryHistory_Enh.v_ItemBalanceHistorical AS
-- Source: SC_LH.dbo.itembalance loaded via df_brz_ItemBalance (DF2 workaround pending EL.Inventory_Enh_History.ItemBalance promote)
-- Grain: (ItemSku, WarehouseCode, WeekEndingDate); 107 dups detected → ROW_NUMBER dedupe by latest OnHandQty
-- History: 2021-03-06 → 2026-05-16 (5 years); not used as backup/backfill for v_InventorySnapshotWeekly
-- Future: when Dhivya promotes Enterprise.Inventory_Enh_History.ItemBalance, swap source_objects in registry
WITH ranked AS (
    SELECT
        TRIM(ItemNumber)                  AS ItemSku,
        TRIM(Warehouse)                   AS WarehouseCode,
        CAST(DateWeekEnding AS DATE)      AS WeekEndingDate,
        CAST(OnHandQty AS DECIMAL(18,4))  AS OnHandQty,
        TRIM(ItemStatus)                  AS ItemStatus,
        ROW_NUMBER() OVER (
            PARTITION BY TRIM(ItemNumber), TRIM(Warehouse), CAST(DateWeekEnding AS DATE)
            ORDER BY OnHandQty DESC, ItemStatus
        ) AS rn
    FROM [SupplyChain_Lakehouse].[dbo].[itembalance]
    WHERE ItemNumber IS NOT NULL AND Warehouse IS NOT NULL
      AND TRIM(ItemNumber) <> '' AND TRIM(Warehouse) <> ''
)
SELECT
    CAST(ItemSku            AS VARCHAR(50))   AS ItemSku,
    CAST(WarehouseCode      AS VARCHAR(50))   AS WarehouseCode,
    CAST(WeekEndingDate     AS DATE)          AS WeekEndingDate,
    CAST(OnHandQty          AS DECIMAL(18,4)) AS OnHandQty,
    CAST(ItemStatus         AS VARCHAR(10))   AS ItemStatus,
    CAST('SupplyChain_Lakehouse'    AS VARCHAR(64))  AS SourceSystem,
    CAST('dbo.itembalance (DF2)'    AS VARCHAR(128)) AS SourceTable
FROM ranked WHERE rn = 1"
SupplyChain_Processing_Warehouse,InventoryHistory_Enh,v_LastInvoiceHelper,"-- ---- InventoryHistory_Enh.v_LastInvoiceHelper ----
-- MAX(InvoiceDate) <= AsOfDate per ItemSku × WarehouseCode
CREATE   VIEW InventoryHistory_Enh.v_LastInvoiceHelper AS
WITH asof AS (
    SELECT CAST(SYSUTCDATETIME() AS DATE) AS AsOfDate
    UNION
    SELECT DISTINCT SnapshotWeekEndingDate
    FROM InventoryHistory_Enh.InventorySnapshotWeekly
    WHERE SnapshotWeekEndingDate >= DATEADD(week, -104, CAST(SYSUTCDATETIME() AS DATE))
)
SELECT
    CAST(s.ItemSku           AS VARCHAR(50))   AS ItemSku,
    CAST(s.WarehouseCode     AS VARCHAR(50))   AS WarehouseCode,
    CAST(a.AsOfDate          AS DATE)          AS AsOfDate,
    CAST(MAX(s.InvoiceDate)  AS DATE)          AS LastInvoiceDate,
    CAST(DATEDIFF(week, MAX(s.InvoiceDate), a.AsOfDate) AS INT) AS WeeksSinceLastInvoice
FROM (
    SELECT
        CAST(TRIM(ItemSKU)       AS VARCHAR(50)) AS ItemSku,
        CAST(TRIM(WarehouseCode) AS VARCHAR(50)) AS WarehouseCode,
        CAST(InvoiceDate         AS DATE)        AS InvoiceDate
    FROM SalesHistory_Enh.v_InvoiceDetailLineLevel
    WHERE ItemSKU IS NOT NULL AND WarehouseCode IS NOT NULL
      AND TRIM(ItemSKU) <> '' AND TRIM(WarehouseCode) <> ''
      AND InvoiceDate IS NOT NULL
) s
JOIN asof a ON s.InvoiceDate <= a.AsOfDate
GROUP BY s.ItemSku, s.WarehouseCode, a.AsOfDate"
SupplyChain_Processing_Warehouse,InventoryHistory_Enh,v_LogilityItemStatusSnapshotWeekly,"-- ---- InventoryHistory_Enh.v_LogilityItemStatusSnapshotWeekly ----
-- WEEKLY — Saturday only (cron '0 6 * * 6' in registry).
-- Captures latest WeekEndingDate snapshot per (ItemSku, WarehouseCode).
CREATE   VIEW InventoryHistory_Enh.v_LogilityItemStatusSnapshotWeekly AS
WITH _LogilityItemStatus AS (
    -- INLINED 2026-05-21 (Option B): was InventoryHistory_Enh.LogilityItemStatus
    SELECT ItemSku, WarehouseCode, WeekEndingDate, ItemStatus, FutureStatus, StatusChangeDate,
           OnHandQty, SafetyStockQty, ShippableInvQty, MonthsOfSupply, Price,
           ItemClass, Vendor, HoldBuyCode, IsCertified
    FROM (
        SELECT
            TRIM(Item)                            AS ItemSku,
            TRIM(Whse)                            AS WarehouseCode,
            CAST(WeekEnding AS DATE)              AS WeekEndingDate,
            TRIM(ItemStatus)                      AS ItemStatus,
            TRIM(FutureStatus)                    AS FutureStatus,
            CAST(StatusChngDate AS DATE)          AS StatusChangeDate,
            CAST(OnHandQty AS DECIMAL(18,4))      AS OnHandQty,
            CAST(SafetyStockQty AS DECIMAL(18,4)) AS SafetyStockQty,
            CAST(ShippableInvQty AS DECIMAL(18,4)) AS ShippableInvQty,
            CAST(MosofSupply AS DECIMAL(18,4))    AS MonthsOfSupply,
            CAST(Price AS DECIMAL(18,4))          AS Price,
            TRIM(ItemClass)                       AS ItemClass,
            TRIM(Vendor)                          AS Vendor,
            TRIM(HoldBuy)                         AS HoldBuyCode,
            CAST(1 AS BIT)                        AS IsCertified,
            ROW_NUMBER() OVER (
                PARTITION BY TRIM(Item), TRIM(Whse), CAST(WeekEnding AS DATE)
                ORDER BY
                    CASE WHEN COALESCE(ShippableInvQty,0) = 0
                          AND COALESCE(FirmDemand,0) = 0 THEN 1 ELSE 0 END ASC,
                    StatusChngDate DESC,
                    COALESCE(OnHandAmt,0) DESC,
                    CAST(FileDate AS DATETIME2) DESC
            ) AS rn
        FROM [Enterprise_Lakehouse].[SupplyChain_Enh].[DemandFulfillmentCommonContainer_Logility]
        WHERE Item IS NOT NULL AND Whse IS NOT NULL
          AND TRIM(Item) <> '' AND TRIM(Whse) <> ''
    ) ranked
    WHERE ranked.rn = 1
)
SELECT
    CAST(DATEADD(day, (7 - DATEPART(weekday, SYSUTCDATETIME())) % 7,
                 CAST(SYSUTCDATETIME() AS DATE))  AS DATE)         AS WeekEndingDate,
    CAST(ItemSku                                  AS VARCHAR(50))  AS ItemSku,
    CAST(WarehouseCode                            AS VARCHAR(50))  AS WarehouseCode,
    CAST(ItemStatus                               AS VARCHAR(20))  AS ItemStatus,
    CAST(FutureStatus                             AS VARCHAR(20))  AS FutureStatus,
    CAST(StatusChangeDate                         AS DATE)         AS StatusChangeDate,
    CAST(IsCertified                              AS BIT)          AS IsCertified,
    CAST('Enterprise_Lakehouse'                   AS VARCHAR(64))  AS SourceSystem,
    CAST('SupplyChain_Enh.DemandFulfillmentCommonContainer_Logility' AS VARCHAR(128)) AS SourceTable
FROM _LogilityItemStatus
WHERE WeekEndingDate = (
    SELECT MAX(WeekEndingDate) FROM _LogilityItemStatus
)"
SupplyChain_Processing_Warehouse,InventoryHistory_Enh,v_ManufacturingOrderSnapshotDaily,"-- ---- InventoryHistory_Enh.v_ManufacturingOrderSnapshotDaily ----
CREATE   VIEW InventoryHistory_Enh.v_ManufacturingOrderSnapshotDaily AS
WITH _ManufacturingOrder AS (
    -- INLINED 2026-05-21 (Option B): was InventoryHistory_Enh.ManufacturingOrder
    SELECT
        CAST(TRIM(ORDNO)                  AS VARCHAR(50))    AS MoNumber,
        CAST(TRIM(FITEM)                  AS VARCHAR(50))    AS ItemSku,
        CAST(TRIM(FITWH)                  AS VARCHAR(50))    AS WarehouseCode,
        CAST(TRIM(OSTAT)                  AS VARCHAR(10))    AS StatusCode,
        CAST(ORQTY                        AS DECIMAL(18,4))  AS OrderQty,
        CAST(QTYRC                        AS DECIMAL(18,4))  AS ReceivedQty,
        CAST(CASE WHEN TRIM(OSTAT) IN ('10','40','45')
                  THEN CAST(ORQTY - QTYRC AS DECIMAL(18,4))
                  ELSE 0 END              AS DECIMAL(18,4))  AS MOOnOrderQty, --Giang: Confirm logic với Robert. 
        CAST(ODUDT                        AS INT)            AS DueDateKey
    FROM [Enterprise_Lakehouse].[Manufacturing_ProductionPlanning_AFI].[MOMAST]
    WHERE FITEM IS NOT NULL AND FITWH IS NOT NULL
      AND TRIM(FITEM) <> '' AND TRIM(FITWH) <> ''
)
SELECT
    CAST(CAST(SYSUTCDATETIME() AS DATE)  AS DATE)         AS SnapshotDate,
    CAST(MoNumber                        AS VARCHAR(50))  AS MoNumber,
    CAST(ItemSku                         AS VARCHAR(50))  AS ItemSku,
    CAST(WarehouseCode                   AS VARCHAR(50))  AS WarehouseCode,
    CAST(StatusCode                      AS VARCHAR(10))  AS StatusCode,
    CAST(OrderQty                        AS DECIMAL(18,4)) AS OrderQty,
    CAST(ReceivedQty                     AS DECIMAL(18,4)) AS ReceivedQty,
    CAST(MOOnOrderQty                    AS DECIMAL(18,4)) AS MOOnOrderQty,
    CAST(DueDateKey                      AS INT)          AS DueDateKey,
    CAST('Manufacturing_ProductionPlanning_AFI'  AS VARCHAR(64))  AS SourceSystem,
    CAST('MOMAST'                                AS VARCHAR(128)) AS SourceTable
FROM _ManufacturingOrder"
SupplyChain_Processing_Warehouse,InventoryHistory_Enh,v_MovementFlagHelper,"-- ---- InventoryHistory_Enh.v_MovementFlagHelper ----
-- HasMovementLast17W: InvoiceDetail as movement signal per BRD §6 (only sales count for SLOB).
CREATE   VIEW InventoryHistory_Enh.v_MovementFlagHelper AS
WITH asof AS (
    SELECT CAST(SYSUTCDATETIME() AS DATE) AS AsOfDate
    UNION
    SELECT DISTINCT SnapshotWeekEndingDate
    FROM InventoryHistory_Enh.InventorySnapshotWeekly
    WHERE SnapshotWeekEndingDate >= DATEADD(week, -104, CAST(SYSUTCDATETIME() AS DATE))
),
moves AS (
    SELECT
        s.ItemSku, s.WarehouseCode, a.AsOfDate,
        MAX(CASE WHEN s.InvoiceDate > DATEADD(week, -17, a.AsOfDate)
                  AND s.InvoiceDate <= a.AsOfDate
                 THEN 1 ELSE 0 END) AS HasMovementLast17W,
        COUNT(*)                    AS MovementCountLast17W
    FROM (
        SELECT
            CAST(TRIM(ItemSKU)       AS VARCHAR(50)) AS ItemSku,
            CAST(TRIM(WarehouseCode) AS VARCHAR(50)) AS WarehouseCode,
            CAST(InvoiceDate         AS DATE)        AS InvoiceDate
        FROM SalesHistory_Enh.v_InvoiceDetailLineLevel
        WHERE ItemSKU IS NOT NULL AND WarehouseCode IS NOT NULL
          AND TRIM(ItemSKU) <> '' AND TRIM(WarehouseCode) <> ''
          AND InvoiceDate IS NOT NULL
    ) s
    JOIN asof a
         ON s.InvoiceDate > DATEADD(week, -17, a.AsOfDate)
        AND s.InvoiceDate <= a.AsOfDate
    GROUP BY s.ItemSku, s.WarehouseCode, a.AsOfDate
)
SELECT
    CAST(ItemSku                AS VARCHAR(50)) AS ItemSku,
    CAST(WarehouseCode          AS VARCHAR(50)) AS WarehouseCode,
    CAST(AsOfDate               AS DATE)        AS AsOfDate,
    CAST(HasMovementLast17W     AS BIT)         AS HasMovementLast17W,
    CAST(MovementCountLast17W   AS INT)         AS MovementCountLast17W
FROM moves"
SupplyChain_Processing_Warehouse,InventoryHistory_Enh,v_PurchaseOrderSnapshotDaily,"-- ============================================================
-- §F. InventoryHistory_Enh — Tier 4 self-snapshots (4 views, datekey)
--     load_type='datekey'; Meta.usp_GenericLoad deletes today's rows then inserts.
--     Weekly snapshot (Logility) uses cron '0 6 * * 6' (Saturday 6AM UTC).
-- ============================================================

-- ---- InventoryHistory_Enh.v_PurchaseOrderSnapshotDaily ----
CREATE   VIEW InventoryHistory_Enh.v_PurchaseOrderSnapshotDaily AS
WITH _PurchaseOrder AS (
    -- INLINED 2026-05-21 (Option B): was InventoryHistory_Enh.PurchaseOrder
    SELECT
        r.PoNumber, r.PoLine, r.VendorNumber, r.ItemSku, r.WarehouseCode,
        r.StatusCode, r.StockQty, r.OrderedQty, r.InTransitQtySource, r.DueDate,
        CAST(CASE WHEN r.StatusCode = '10' THEN r.StockQty           ELSE 0 END AS DECIMAL(18,4)) AS POOnOrderQty,
        CAST(CASE WHEN r.StatusCode = '20' THEN r.InTransitQtySource ELSE 0 END AS DECIMAL(18,4)) AS POInTransitQty,
        CAST(CASE WHEN TRY_CAST(r.StatusCode AS INT) < 50 THEN r.StockQty ELSE 0 END AS DECIMAL(18,4)) AS TotalOpenPOQty,
        CAST(h.pometa            AS DATE)             AS EstimatedArrivalDate,
        CAST(h.pometd            AS DATE)             AS EstimatedDepartureDate,
        CAST(h.pomdue            AS DATE)             AS PromisedReceiptDate,
        CAST(h.pomcontainer      AS VARCHAR(50))      AS ContainerNumber,
        CAST(h.pomtotalcubes     AS DECIMAL(18,4))    AS TotalCubes,
        CAST('Enterprise_Lakehouse'                  AS VARCHAR(64))  AS SourceSystem,
        CAST('PoDetail+PoMaster (Enterprise)'        AS VARCHAR(128)) AS SourceTable
    FROM (
        SELECT
            TRIM(podordernum)                          AS PoNumber,
            CAST(poditemsequence AS INT)               AS PoLine,
            TRIM(podvendornum)                         AS VendorNumber,
            TRIM(poditemnum)                           AS ItemSku,
            TRIM(podwarehouse)                         AS WarehouseCode,
            CAST(podstatuscode  AS VARCHAR(10))        AS StatusCode,
            CAST(podstockqty    AS DECIMAL(18,4))      AS StockQty,
            CAST(podqtyordered  AS DECIMAL(18,4))      AS OrderedQty,
            CAST(podIntransitQty AS DECIMAL(18,4))     AS InTransitQtySource,
            CAST(podduedate     AS DATE)               AS DueDate,
            ROW_NUMBER() OVER (
                PARTITION BY TRIM(podordernum), TRIM(podvendornum), poditemsequence
                ORDER BY podduedate DESC
            ) AS rn
        FROM [Enterprise_Lakehouse].[Wholesale_ProductSourcing_AFI].[PoDetail]
        WHERE poditemnum IS NOT NULL AND podwarehouse IS NOT NULL
    ) r
    LEFT JOIN [Enterprise_Lakehouse].[Wholesale_ProductSourcing_AFI].[PoMaster] h
           ON TRIM(h.pomordernum)  = r.PoNumber
    WHERE r.rn = 1
)
SELECT
    CAST(CAST(SYSUTCDATETIME() AS DATE)  AS DATE)         AS SnapshotDate,
    CAST(PoNumber                        AS VARCHAR(50))  AS PoNumber,
    CAST(PoLine                          AS INT)          AS PoLine,
    CAST(VendorNumber                    AS VARCHAR(50))  AS VendorNumber,
    CAST(ItemSku                         AS VARCHAR(50))  AS ItemSku,
    CAST(WarehouseCode                   AS VARCHAR(50))  AS WarehouseCode,
    CAST(StatusCode                      AS VARCHAR(10))  AS StatusCode,
    CAST(StockQty                        AS DECIMAL(18,4)) AS StockQty,
    CAST(OrderedQty                      AS DECIMAL(18,4)) AS OrderedQty,
    CAST(InTransitQtySource              AS DECIMAL(18,4)) AS InTransitQtySource,
    CAST(POOnOrderQty                    AS DECIMAL(18,4)) AS POOnOrderQty,
    CAST(POInTransitQty                  AS DECIMAL(18,4)) AS POInTransitQty,
    CAST(TotalOpenPOQty                  AS DECIMAL(18,4)) AS TotalOpenPOQty,
    CAST(DueDate                         AS DATE)         AS DueDate,
    CAST(EstimatedArrivalDate            AS DATE)         AS EstimatedArrivalDate,
    CAST(EstimatedDepartureDate          AS DATE)         AS EstimatedDepartureDate,
    CAST(SourceSystem                    AS VARCHAR(64))  AS SourceSystem,
    CAST(SourceTable                     AS VARCHAR(128)) AS SourceTable
FROM _PurchaseOrder"
SupplyChain_Processing_Warehouse,InventoryHistory_Enh,v_PurchaseOrderSnapshotHistorical,"CREATE   VIEW InventoryHistory_Enh.v_PurchaseOrderSnapshotHistorical AS
-- Source: SC_LH.dbo.purchaseordersnapshot loaded via df_brz_PurchaseOrderSnapshot (DF2 workaround, 2B rows ⚠️)
-- Grain: (SnapshotDate, ItemSku, WarehouseCode, VendorNumber, StatusCode)
-- Phase 2 PO-as-of feature: capture historical PO state by SnapshotDate
-- posDueDt is AS/400 CYYMMDD decimal (e.g., 1230130 = 2023-01-30)
WITH _PurchaseOrder AS (
    -- INLINED 2026-05-21 (Option B): was InventoryHistory_Enh.PurchaseOrder
    SELECT
        r.PoNumber, r.PoLine, r.VendorNumber, r.ItemSku, r.WarehouseCode,
        r.StatusCode, r.StockQty, r.OrderedQty, r.InTransitQtySource, r.DueDate,
        CAST(CASE WHEN r.StatusCode = '10' THEN r.StockQty           ELSE 0 END AS DECIMAL(18,4)) AS POOnOrderQty,
        CAST(CASE WHEN r.StatusCode = '20' THEN r.InTransitQtySource ELSE 0 END AS DECIMAL(18,4)) AS POInTransitQty,
        CAST(CASE WHEN TRY_CAST(r.StatusCode AS INT) < 50 THEN r.StockQty ELSE 0 END AS DECIMAL(18,4)) AS TotalOpenPOQty,
        CAST(h.pometa            AS DATE)             AS EstimatedArrivalDate,
        CAST(h.pometd            AS DATE)             AS EstimatedDepartureDate,
        CAST(h.pomdue            AS DATE)             AS PromisedReceiptDate,
        CAST(h.pomcontainer      AS VARCHAR(50))      AS ContainerNumber,
        CAST(h.pomtotalcubes     AS DECIMAL(18,4))    AS TotalCubes,
        CAST('Enterprise_Lakehouse'                  AS VARCHAR(64))  AS SourceSystem,
        CAST('PoDetail+PoMaster (Enterprise)'        AS VARCHAR(128)) AS SourceTable
    FROM (
        SELECT
            TRIM(podordernum)                          AS PoNumber,
            CAST(poditemsequence AS INT)               AS PoLine,
            TRIM(podvendornum)                         AS VendorNumber,
            TRIM(poditemnum)                           AS ItemSku,
            TRIM(podwarehouse)                         AS WarehouseCode,
            CAST(podstatuscode  AS VARCHAR(10))        AS StatusCode,
            CAST(podstockqty    AS DECIMAL(18,4))      AS StockQty,
            CAST(podqtyordered  AS DECIMAL(18,4))      AS OrderedQty,
            CAST(podIntransitQty AS DECIMAL(18,4))     AS InTransitQtySource,
            CAST(podduedate     AS DATE)               AS DueDate,
            ROW_NUMBER() OVER (
                PARTITION BY TRIM(podordernum), TRIM(podvendornum), poditemsequence
                ORDER BY podduedate DESC
            ) AS rn
        FROM [Enterprise_Lakehouse].[Wholesale_ProductSourcing_AFI].[PoDetail]
        WHERE poditemnum IS NOT NULL AND podwarehouse IS NOT NULL
    ) r
    LEFT JOIN [Enterprise_Lakehouse].[Wholesale_ProductSourcing_AFI].[PoMaster] h
           ON TRIM(h.pomordernum)  = r.PoNumber
    WHERE r.rn = 1
)
SELECT
    CAST(posSnapshot AS DATE)                                 AS SnapshotDate,
    CAST(TRIM(posItNbr)             AS VARCHAR(50))           AS ItemSku,
    CAST(TRIM(posWhse)              AS VARCHAR(50))           AS WarehouseCode,
    CAST(TRIM(posVndnr)             AS VARCHAR(50))           AS VendorNumber,
    CAST(posQtyOr                   AS DECIMAL(18,4))         AS OrderedQty,
    CAST(TRIM(posPstts)             AS VARCHAR(10))           AS StatusCode,
    CAST(
        TRY_CAST(
            DATEFROMPARTS(
                1900 + 100 * (TRY_CAST(posDueDt AS INT) / 1000000) + ((TRY_CAST(posDueDt AS INT) % 1000000) / 10000),
                (TRY_CAST(posDueDt AS INT) % 10000) / 100,
                TRY_CAST(posDueDt AS INT) % 100
            ) AS DATE)                                        AS DATE)              AS DueDate,
    CAST(posUUD1PM                  AS DECIMAL(18,4))         AS UnitCost,
    CAST('SupplyChain_Lakehouse'                  AS VARCHAR(64))  AS SourceSystem,
    CAST('dbo.purchaseordersnapshot (DF2)'        AS VARCHAR(128)) AS SourceTable
FROM [SupplyChain_Lakehouse].[dbo].[purchaseordersnapshot]
WHERE posItNbr IS NOT NULL AND posWhse IS NOT NULL
  AND TRIM(posItNbr) <> '' AND TRIM(posWhse) <> ''"
SupplyChain_Processing_Warehouse,InventoryHistory_Enh,v_SafetyStockHelper,"CREATE   VIEW InventoryHistory_Enh.v_SafetyStockHelper AS
-- CORE CONCEPT UPDATE 2026-05-22:
--   Safety stock target is normalized across the next 3 fiscal months.
--   Fallback to prior 13-week average only when fiscal-period safety stock is unavailable.
-- 2026-05-20 FIX (Giang #6): BRD says '13-week AVERAGE safety stock target', not latest.
-- Replaced ROW_NUMBER picking latest snapshot → AVG() across 13 weekly snapshots prior to AsOfDate.
-- Grain: (ItemSku, WarehouseCode, AsOfDate)
WITH asof_dates AS (
    SELECT CAST(SYSUTCDATETIME() AS DATE) AS AsOfDate
    UNION
    SELECT DISTINCT SnapshotWeekEndingDate FROM InventoryHistory_Enh.InventorySnapshotWeekly
),
asof AS (
    SELECT
        AsOfDate,
        DATEFROMPARTS(YEAR(AsOfDate), MONTH(AsOfDate), 1) AS HorizonStartDate,
        DATEADD(month, 3, DATEFROMPARTS(YEAR(AsOfDate), MONTH(AsOfDate), 1)) AS HorizonEndDate
    FROM asof_dates
),
latest_snap AS (
    SELECT
        isw.ItemSku,
        isw.WarehouseCode,
        a.AsOfDate,
        MAX(isw.SnapshotWeekEndingDate) AS LatestSnapshotDate
    FROM InventoryHistory_Enh.InventorySnapshotWeekly isw
    JOIN asof a
         ON isw.SnapshotWeekEndingDate <= a.AsOfDate
        AND isw.SnapshotWeekEndingDate > DATEADD(week, -13, a.AsOfDate)
    WHERE isw.SafetyStockTarget IS NOT NULL
    GROUP BY isw.ItemSku, isw.WarehouseCode, a.AsOfDate
),
fiscal_ss AS (
    SELECT
        ls.ItemSku,
        ls.WarehouseCode,
        ls.AsOfDate,
        AVG(isw.SafetyStockTarget) AS SafetyStockTarget,
        COUNT(*) AS SnapshotCount
    FROM latest_snap ls
    JOIN asof a
         ON a.AsOfDate = ls.AsOfDate
    JOIN InventoryHistory_Enh.InventorySnapshotWeekly isw
         ON isw.ItemSku = ls.ItemSku
        AND isw.WarehouseCode = ls.WarehouseCode
        AND isw.SnapshotWeekEndingDate = ls.LatestSnapshotDate
        AND isw.FiscalMonthDate >= a.HorizonStartDate
        AND isw.FiscalMonthDate <  a.HorizonEndDate
    WHERE isw.SafetyStockTarget IS NOT NULL
    GROUP BY ls.ItemSku, ls.WarehouseCode, ls.AsOfDate
),
fallback_ss AS (
    SELECT
        isw.ItemSku,
        isw.WarehouseCode,
        a.AsOfDate,
        AVG(isw.SafetyStockTarget) AS SafetyStockTarget,
        COUNT(*) AS SnapshotCount
    FROM InventoryHistory_Enh.InventorySnapshotWeekly isw
    JOIN asof a
         ON isw.SnapshotWeekEndingDate <= a.AsOfDate
        AND isw.SnapshotWeekEndingDate > DATEADD(week, -13, a.AsOfDate)
    WHERE isw.SafetyStockTarget IS NOT NULL
    GROUP BY isw.ItemSku, isw.WarehouseCode, a.AsOfDate
),
keys AS (
    SELECT ItemSku, WarehouseCode, AsOfDate FROM fiscal_ss
    UNION
    SELECT ItemSku, WarehouseCode, AsOfDate FROM fallback_ss
)
SELECT
    CAST(k.ItemSku        AS VARCHAR(50))   AS ItemSku,
    CAST(k.WarehouseCode  AS VARCHAR(50))   AS WarehouseCode,
    CAST(k.AsOfDate       AS DATE)          AS AsOfDate,
    CAST(COALESCE(f.SafetyStockTarget, fb.SafetyStockTarget) AS DECIMAL(18,4)) AS SafetyStockTarget,
    CAST(COALESCE(f.SnapshotCount, fb.SnapshotCount) AS INT) AS SnapshotCount,
    CAST(CASE WHEN f.SafetyStockTarget IS NOT NULL
              THEN 'Next3FiscalMonths'
              ELSE 'Historical13W'
         END AS VARCHAR(30)) AS SafetyStockSource
FROM keys k
LEFT JOIN fiscal_ss f
       ON f.ItemSku = k.ItemSku
      AND f.WarehouseCode = k.WarehouseCode
      AND f.AsOfDate = k.AsOfDate
LEFT JOIN fallback_ss fb
       ON fb.ItemSku = k.ItemSku
      AND fb.WarehouseCode = k.WarehouseCode
      AND fb.AsOfDate = k.AsOfDate"
SupplyChain_Processing_Warehouse,Meta,v_AccessDecision,"CREATE VIEW [Meta].[v_AccessDecision] AS

SELECT
    asset_id,
    canonical_layer,
    access_mode,
    physical_item,
    physical_schema,
    physical_object,
    source_contract_status,
    approval_status,
    edw_exit_status,
    CASE
        WHEN access_mode = 'EDWSupplement' THEN 'Use Staging until exit validation and Bob/Rakesh approval pass'
        WHEN access_mode = 'DirectShortcut' THEN 'Read Enterprise_Lakehouse shortcut directly after source contract validation'
        WHEN access_mode = 'WarehouseTransform' THEN 'Run Warehouse-native Domain Silver transform'
        WHEN access_mode = 'GoldPublish' THEN 'Publish physical Gold table for Direct Lake serving'
        ELSE 'Review access policy'
    END AS access_decision
FROM Meta.AssetRegistry
WHERE is_active = 1
"
SupplyChain_Processing_Warehouse,Meta,v_RegistryCompat,"CREATE VIEW [Meta].[v_RegistryCompat] AS

SELECT
    legacy_sp_name AS sp_name,
    legacy_view_name AS view_name,
    legacy_target_schema AS target_schema,
    legacy_target_table AS target_table,
    legacy_layer AS layer,
    load_type,
    frequency,
    scheduled_hour,
    CAST(NULL AS INT) AS execution_order,
    CAST(NULL AS VARCHAR(128)) AS parallel_group,
    depends_on,
    source_objects,
    watermark_column,
    primary_key,
    is_active,
    last_load_date,
    last_watermark_value,
    next_run_time,
    rows_loaded,
    project,
    date_key,
    date_range_days,
    cron_expression,
    canonical_layer,
    access_mode,
    physical_item,
    physical_schema,
    physical_object,
    approval_status,
    edw_exit_status
FROM Meta.AssetRegistry
"
SupplyChain_Processing_Warehouse,Meta,v_SilverWaveRuntime,"
CREATE VIEW Meta.v_SilverWaveRuntime AS
SELECT
    r.project,
    r.wave_number,
    r.asset_id,
    r.physical_schema AS target_schema,
    r.physical_object AS target_object,
    a.depends_on AS depends_on_asset_ids,
    CASE
        WHEN a.is_active = 1
         AND (a.next_run_time IS NULL OR a.next_run_time <= SYSUTCDATETIME()) THEN 1
        ELSE 0
    END AS is_due,
    CAST('Pending' AS VARCHAR(80)) AS execution_status,
    r.computed_at_utc
FROM Meta.SilverDagWaveRuntime r
JOIN Meta.AssetRegistry a
    ON a.asset_id = r.asset_id;
"
SupplyChain_Processing_Warehouse,Meta,v_sp_registry,"
CREATE VIEW Meta.v_sp_registry AS
SELECT
    r.asset_id AS sp_name,
    r.legacy_view_name AS view_name,
    r.physical_schema AS target_schema,
    r.physical_object AS target_table,
    r.canonical_layer AS layer,
    r.load_type, r.frequency, r.scheduled_hour,
    COALESCE(w.wave_number, CASE WHEN r.canonical_layer='Gold' THEN 5 ELSE 1 END) AS execution_order,
    r.depends_on, r.source_objects, r.watermark_column, r.primary_key,
    r.is_active, r.last_load_date, r.last_watermark_value, r.next_run_time,
    r.rows_loaded, r.project, r.date_key, r.date_range_days, r.cron_expression, r.access_mode
FROM Meta.AssetRegistry r
LEFT JOIN Meta.SilverDagWaveRuntime w ON w.asset_id = r.asset_id
"
SupplyChain_Processing_Warehouse,OpenOrderHistory_Enh,v_OpenOrderLineLevel,"-- ---- OpenOrderHistory_Enh.v_OpenOrderLineLevel ----
CREATE VIEW OpenOrderHistory_Enh.v_OpenOrderLineLevel AS
SELECT T1.OrderID, T1.ItemSequenceNum, T1.Customer, T1.ShipToCode,
    UPPER(RTRIM(CASE WHEN T1.ShipToCode IS NULL OR TRIM(T1.ShipToCode)='' THEN TRIM(T1.Customer) ELSE CONCAT(TRIM(T1.Customer),'-',TRIM(T1.ShipToCode)) END)) AS AccountShipTo,
    T1.ItemSKU, T1.WarehouseCode,
    CAST(T1.QtyOrdered-T1.QtyShipped AS INT) AS QtyOpenOrder,
    CAST(T1.QtyBackordered AS INT) AS QtyBackorder,
    CAST((T1.AmtExtendedSelling/CASE WHEN T1.QtyBackordered>0 THEN T1.QtyBackordered WHEN T1.QtyOrdered>0 THEN T1.QtyOrdered ELSE 1 END - COALESCE(T2.AmtFreight,0))
        *CASE WHEN T1.QtyBackordered>0 THEN T1.QtyBackordered WHEN T1.QtyOrdered>0 THEN T1.QtyOrdered ELSE 1 END AS DECIMAL(13,2)) AS AmtOpenOrder,
    CAST(CASE WHEN T1.QtyBackordered>0 THEN (T1.AmtExtendedSelling/T1.QtyBackordered-COALESCE(T2.AmtFreight,0))*T1.QtyBackordered ELSE 0 END AS DECIMAL(13,2)) AS AmtBackorder,
    T3.OrderDate AS OrderTaken, T2.PromiseDate AS OriginalPromise, T1.RequestedDate AS CurrentPromise,
    T4.FreezeDate AS OriginalRequest, T4.RequestedShipDate AS CurrentRequest, T1.ManufacturedDate AS CurrentLoad,
    T4.OrderArrangementCode AS OrderArrivalCode, T1.AllocationFlagCode, T1.LoadDateChanges AS LoadDateChangesNum,
    T3.LeadTimeDays AS LeadTimeDaysNum, T3.ShippingInstructionsName,
    CASE WHEN T1.ItemDescriptionShortName=T1.ItemDescriptionName THEN '' ELSE T1.ItemDescriptionShortName END AS CustomerSKUName,
    COALESCE(T2.AmtFreight,0) AS AmtOrderFreight,
    CASE WHEN DATEADD(DAY,7,T4.RequestedShipDate)<CAST(GETDATE() AS DATE) THEN 'Past Due' ELSE 'Future Ord' END AS PastDueFlagCode
FROM Staging_Wrk.v_Codatan AS T1
LEFT JOIN Staging_Wrk.v_Extorit AS T2 ON T1.OrderID=T2.OrderID AND T1.ItemSequenceNum=T2.ItemSequenceNum
INNER JOIN Staging_Wrk.v_Comast AS T3 ON T1.OrderID=T3.OrderID
INNER JOIN Staging_Wrk.v_Extord AS T4 ON T1.OrderID=T4.OrderID
WHERE (T1.QtyBackordered<>0 OR T1.QtyOrdered<>0) AND T1.AmtSellingPrice<>0 AND T3.RecordTypeCode<>'X' AND T1.QtyOrdered>=0"
SupplyChain_Processing_Warehouse,OpenOrderHistory_Enh,v_OpenOrderMonthly,"-- ---- OpenOrderHistory_Enh.v_OpenOrderMonthly ----

CREATE VIEW OpenOrderHistory_Enh.v_OpenOrderMonthly AS
WITH cf AS (SELECT TOP 1 FSCYearNum FROM ReferenceMaster_Enh.Calendar WHERE Date=CAST(GETDATE() AS DATE))
SELECT OO.ItemSKU, OO.WarehouseCode, UPPER(CG.CustomerGroupCode) AS CustomerGroupCode,
    CAL.FSCMonthFirst, CAL.FSCMonthLast,
    SUM(OO.QtyOpenOrder) AS QtyOpenOrder, SUM(OO.QtyBackorder) AS QtyBackorder,
    SUM(OO.AmtOpenOrder) AS AmtOpenOrder, SUM(OO.AmtBackorder) AS AmtBackorder,
    COUNT(*) AS OrderLines, COUNT(DISTINCT OO.OrderID) AS DistinctOrders,
    SUM(CASE WHEN OO.PastDueFlagCode='Past Due' THEN OO.QtyOpenOrder ELSE 0 END) AS QtyPastDue,
    SUM(CASE WHEN OO.PastDueFlagCode='Past Due' THEN OO.AmtOpenOrder ELSE 0 END) AS AmtPastDue
FROM OpenOrderHistory_Enh.OpenOrderLineLevel OO
INNER JOIN ReferenceMaster_Enh.Calendar CAL ON CAL.Date=OO.CurrentRequest
LEFT JOIN ReferenceMaster_Enh.CustomerAccountGroup CG ON CG.Customer=OO.Customer
CROSS JOIN cf WHERE CAL.FSCYearNum BETWEEN cf.FSCYearNum-3 AND cf.FSCYearNum+1
GROUP BY OO.ItemSKU, OO.WarehouseCode, UPPER(CG.CustomerGroupCode), CAL.FSCMonthFirst, CAL.FSCMonthLast"
SupplyChain_Processing_Warehouse,ReferenceMaster_Enh,v_Calendar,"-- ---- ReferenceMaster_Enh.v_Calendar ----
CREATE   VIEW ReferenceMaster_Enh.v_Calendar AS
SELECT
    -- Keys (existing)
    CAST(DateKey AS INT)                          AS SKDate,
    CAST(MapicsDate AS INT)                       AS MapicsDate,
    CAST(DateID AS DATE)                          AS Date,
    CAST(DateTimeID AS DATE)                      AS Datetime,
    CAST(CalendarDate AS DATE)                    AS Calendar,

    -- Calendar Day (existing + 1 NEW)
    TRIM(CalendarDateName)                        AS CalendarDateName,
    CAST(CalendarDateIndicator AS INT)            AS CalDateIndicatorNum,        -- NEW
    CAST(CalendarDayOfWeek AS INT)                AS CalDayOfWeekNum,
    TRIM(CalendarDayOfWeekName)                   AS CalDayOfWeekName,
    CAST(CalendarDayOfMonth AS INT)               AS CalDayOfMonthNum,
    CAST(CalendarDayOfYear AS INT)                AS CalDayOfYearNum,

    -- Calendar Week (existing + 2 NEW)
    CAST(CalendarWeek AS INT)                     AS CalWeekNum,
    CAST(CalendarWeekIndicator AS INT)            AS CalWeekIndicatorNum,        -- NEW
    CAST(CalendarWeekYear AS INT)                 AS CalWeekYearNum,
    TRIM(CalendarWeekYearName)                    AS CalWeekYearName,
    CAST(CalendarWeekFirstDate AS DATE)           AS CalWeekFirst,
    CAST(CalendarWeekLastDate AS DATE)            AS CalWeekLast,
    CAST(CalendarWeekOfMonth AS INT)              AS CalWeekOfMonthNum,          -- NEW

    -- Calendar Month (existing + 1 NEW)
    CAST(CalendarMonth AS INT)                    AS CalMonthNum,
    CAST(CalendarMonthIndicator AS INT)           AS CalMonthIndicatorNum,       -- NEW
    CAST(CalendarMonthYear AS INT)                AS CalMonthYearNum,
    TRIM(CalendarMonthName)                       AS CalMonthName,
    TRIM(CalendarMonthYearName)                   AS CalMonthYearName,
    CAST(CalendarMonthFirstDate AS DATE)          AS CalMonthFirst,
    CAST(CalendarMonthLastDate AS DATE)           AS CalMonthLast,

    -- Calendar Quarter (existing + 3 NEW)
    CAST(CalendarQuarter AS INT)                  AS CalQuarterNum,
    TRIM(CalendarQuarterName)                     AS CalQuarterName,
    CAST(CalendarQuarterIndicator AS INT)         AS CalQuarterIndicatorNum,     -- NEW
    CAST(CalendarQuarterYear AS INT)              AS CalQuarterYearNum,          -- NEW
    TRIM(CalendarQuarterYearName)                 AS CalQuarterYearName,         -- NEW

    -- Calendar Semester + Year (3 NEW)
    CAST(CalendarSemester AS INT)                 AS CalSemesterNum,             -- NEW
    CAST(CalendarSemesterYear AS INT)             AS CalSemesterYearNum,         -- NEW
    CAST(CalendarYear AS INT)                     AS CalYearNum,
    TRIM(CalendarYearName)                        AS CalYearName,
    CAST(CalendarYearIndicator AS INT)            AS CalYearIndicatorNum,        -- NEW

    -- Fiscal Day (7 NEW)
    CAST(FiscalDate AS DATE)                      AS FiscalDate,                 -- NEW
    TRIM(FiscalDateName)                          AS FiscalDateName,             -- NEW
    CAST(FiscalDateIndicator AS INT)              AS FSCDateIndicatorNum,        -- NEW
    CAST(FiscalDayOfWeek AS INT)                  AS FSCDayOfWeekNum,            -- NEW
    TRIM(FiscalDayOfWeekName)                     AS FSCDayOfWeekName,           -- NEW
    CAST(FiscalDayOfMonth AS INT)                 AS FSCDayOfMonthNum,           -- NEW
    CAST(FiscalDayOfYear AS INT)                  AS FSCDayOfYearNum,            -- NEW

    -- Fiscal Week (existing + 3 NEW)
    CAST(FiscalWeek AS INT)                       AS FSCWeekNum,
    CAST(FiscalWeekIndicator AS INT)              AS FSCWeekIndicatorNum,        -- NEW
    CAST(FiscalWeekYear AS INT)                   AS FSCWeekYearNum,
    TRIM(FiscalWeekYearName)                      AS FSCWeekYearName,            -- NEW
    CAST(FiscalWeekFirstDate AS DATE)             AS FSCWeekFirst,
    CAST(FiscalWeekLastDate AS DATE)              AS FSCWeekLast,
    CAST(FiscalWeekOfMonth AS INT)                AS FSCWeekOfMonthNum,          -- NEW

    -- Fiscal Month (existing + 1 NEW)
    CAST(FiscalMonth AS INT)                      AS FSCMonthNum,
    CAST(FiscalMonthIndicator AS INT)             AS FSCMonthIndicatorNum,       -- NEW
    CAST(FiscalMonthYear AS INT)                  AS FSCMonthYearNum,
    TRIM(FiscalMonthName)                         AS FSCMonthName,
    TRIM(FiscalMonthYearName)                     AS FSCMonthYearName,
    CAST(FiscalMonthFirstDate AS DATE)            AS FSCMonthFirst,
    CAST(FiscalMonthLastDate AS DATE)             AS FSCMonthLast,

    -- Fiscal Quarter (existing + 3 NEW: indicator + first/last via window function)
    CAST(FiscalQuarter AS INT)                    AS FSCQuarterNum,
    TRIM(FiscalQuarterName)                       AS FSCQuarterName,
    CAST(FiscalQuarterIndicator AS INT)           AS FSCQuarterIndicatorNum,     -- NEW
    CAST(FiscalQuarterYear AS INT)                AS FSCQuarterYearNum,
    TRIM(FiscalQuarterYearName)                   AS FSCQuarterYearName,
    MIN(CAST(FiscalMonthFirstDate AS DATE)) OVER (PARTITION BY FiscalYear, FiscalQuarter)
                                                  AS FSCQuarterFirst,            -- NEW
    MAX(CAST(FiscalMonthLastDate  AS DATE)) OVER (PARTITION BY FiscalYear, FiscalQuarter)
                                                  AS FSCQuarterLast,             -- NEW

    -- Fiscal Semester + Year (5 NEW)
    CAST(FiscalSemester AS INT)                   AS FSCSemesterNum,             -- NEW
    CAST(FiscalSemesterYear AS INT)               AS FSCSemesterYearNum,         -- NEW
    CAST(FiscalYear AS INT)                       AS FSCYearNum,
    TRIM(FiscalYearName)                          AS FSCYearName,
    CAST(FiscalYearIndicator AS INT)              AS FSCYearIndicatorNum,        -- NEW
    CAST(FiscalYearFirstDate AS DATE)             AS FSCYearFirst,               -- NEW
    CAST(FiscalYearLastDate AS DATE)              AS FSCYearLast,                -- NEW

    -- Holiday + Working Day (existing)
    TRIM(HolidayIndicator)                        AS HolidayIndicatorCode,
    TRIM(HolidayName)                             AS HolidayName,
    TRIM(WorkingDayIndicator)                     AS WorkingDayCode,
    TRIM(WeekdayWeekend)                          AS WeekdayWeekendCode

FROM Enterprise_Lakehouse.MasterData_DW.DimDate
WHERE DateKey IS NOT NULL;"
SupplyChain_Processing_Warehouse,ReferenceMaster_Enh,v_CustomerAccount,"-- ---- ReferenceMaster_Enh.v_CustomerAccount ----
CREATE   VIEW ReferenceMaster_Enh.v_CustomerAccount AS
SELECT
    CAST(TRIM(src.[cmaCustomerNumber]) AS VARCHAR(8000)) AS [cmaCustomerNumber],
    CAST(TRIM(src.[cmaPhone]) AS VARCHAR(8000)) AS [cmaPhone],
    CAST(TRIM(src.[cmaFaxtn]) AS VARCHAR(8000)) AS [cmaFaxtn],
    CAST(TRIM(src.[cmaContact]) AS VARCHAR(8000)) AS [cmaContact],
    CAST(TRIM(src.[cmaEmail]) AS VARCHAR(8000)) AS [cmaEmail],
    CAST(TRIM(src.[cmaPrimaryTerritory]) AS VARCHAR(8000)) AS [cmaPrimaryTerritory],
    CAST(TRIM(src.[cmaMinimumFreightCode]) AS VARCHAR(8000)) AS [cmaMinimumFreightCode],
    CAST(src.[cmaCreditLimitAmount] AS INT) AS [cmaCreditLimitAmount],
    CAST(TRIM(src.[cmaTermsCode]) AS VARCHAR(8000)) AS [cmaTermsCode],
    CAST(src.[cmaTermsDays] AS SMALLINT) AS [cmaTermsDays],
    CAST(src.[cmaCreditTerritoryID] AS SMALLINT) AS [cmaCreditTerritoryID],
    CAST(src.[cmaCancelBackOrders] AS SMALLINT) AS [cmaCancelBackOrders],
    CAST(src.[cmaAllowPartialShipment] AS SMALLINT) AS [cmaAllowPartialShipment],
    CAST(TRIM(src.[cmaCustomerClassCode]) AS VARCHAR(8000)) AS [cmaCustomerClassCode],
    CAST(TRIM(src.[cmaLanguageCode]) AS VARCHAR(8000)) AS [cmaLanguageCode],
    CAST(src.[cmaStatementCode] AS SMALLINT) AS [cmaStatementCode],
    CAST(TRIM(src.[cmaItemCrossReferenceCode]) AS VARCHAR(8000)) AS [cmaItemCrossReferenceCode],
    CAST(src.[cmaTerritoryChangeDate] AS DATETIME2(6)) AS [cmaTerritoryChangeDate],
    CAST(TRIM(src.[cmaCreditAuthorizationCode]) AS VARCHAR(8000)) AS [cmaCreditAuthorizationCode],
    CAST(TRIM(src.[cmaMemo]) AS VARCHAR(8000)) AS [cmaMemo],
    CAST(src.[cmaChgCustAr] AS BIT) AS [cmaChgCustAr],
    CAST(src.[cmaChgCust] AS BIT) AS [cmaChgCust],
    CAST(src.[cmaChgCustExt] AS BIT) AS [cmaChgCustExt],
    CAST(src.[cmaPercentAvailableCredit] AS DECIMAL(3,2)) AS [cmaPercentAvailableCredit],
    CAST(src.[cmaCommAudit] AS BIT) AS [cmaCommAudit],
    CAST(src.[cmaInheritBlocking] AS BIT) AS [cmaInheritBlocking],
    CAST(TRIM(src.[cmaCustomerName]) AS VARCHAR(8000)) AS [cmaCustomerName],
    CAST(TRIM(src.[usra]) AS VARCHAR(8000)) AS [usra],
    CAST(src.[dtea] AS DATETIME2(6)) AS [dtea],
    CAST(TRIM(src.[usrc]) AS VARCHAR(8000)) AS [usrc],
    CAST(src.[dtec] AS DATETIME2(6)) AS [dtec],
    CAST(TRIM(src.[acrec]) AS VARCHAR(8000)) AS [acrec],
    CAST(src.[cmaLastStatusChangeDate] AS DATETIME2(6)) AS [cmaLastStatusChangeDate],
    CAST(src.[cmaBillingAddressID] AS INT) AS [cmaBillingAddressID],
    CAST(TRIM(src.[cmaDBAName]) AS VARCHAR(8000)) AS [cmaDBAName],
    CAST(src.[cmaLateChargePercent] AS DECIMAL(5,4)) AS [cmaLateChargePercent],
    CAST(src.[cmaMinPreapprovalAmount] AS DECIMAL(12,2)) AS [cmaMinPreapprovalAmount],
    CAST(TRIM(src.[cmaCreditAddessCode]) AS VARCHAR(8000)) AS [cmaCreditAddessCode],
    CAST(TRIM(src.[cmaRFCTaxIdNumber]) AS VARCHAR(8000)) AS [cmaRFCTaxIdNumber],
    CAST(TRIM(src.[cmaDocumentationHold]) AS VARCHAR(8000)) AS [cmaDocumentationHold],
    CAST(TRIM(src.[cmaPARSByPurchaser]) AS VARCHAR(8000)) AS [cmaPARSByPurchaser],
    CAST(TRIM(src.[cma10DigitScheduleB]) AS VARCHAR(8000)) AS [cma10DigitScheduleB],
    CAST(TRIM(src.[cmaTypeOfInsurance]) AS VARCHAR(8000)) AS [cmaTypeOfInsurance],
    CAST(src.[cmaInsExpirationDate] AS DATETIME2(6)) AS [cmaInsExpirationDate],
    CAST(src.[cmaInsCoverageRequested] AS DECIMAL(10,2)) AS [cmaInsCoverageRequested],
    CAST(src.[cmaInsCoverageApproved] AS DECIMAL(10,2)) AS [cmaInsCoverageApproved],
    CAST(TRIM(src.[cmaInsuranceStatus]) AS VARCHAR(8000)) AS [cmaInsuranceStatus],
    CAST(TRIM(src.[cmaHomestoreFacingWhse]) AS VARCHAR(8000)) AS [cmaHomestoreFacingWhse],
    CAST(src.[cmaAppcd] AS INT) AS [cmaAppcd],
    CAST(src.[cmaDeductTerritoryID] AS DECIMAL(2,0)) AS [cmaDeductTerritoryID],
    CAST(TRIM(src.[cmaCurrencyCode]) AS VARCHAR(8000)) AS [cmaCurrencyCode],
    CAST(src.[cmaAllowAllowanceCredits] AS BIT) AS [cmaAllowAllowanceCredits],
    CAST(TRIM(src.[cmaCustomerChannelID]) AS VARCHAR(8000)) AS [cmaCustomerChannelID]
FROM [Enterprise_Lakehouse].[Customers].[AccountMaster] AS src"
SupplyChain_Processing_Warehouse,ReferenceMaster_Enh,v_CustomerAccountGroup,"-- ---- ReferenceMaster_Enh.v_CustomerAccountGroup ----
CREATE VIEW ReferenceMaster_Enh.v_CustomerAccountGroup AS
SELECT TRIM(CustomerNumber) AS Customer, UPPER(TRIM(CustomerGroup)) AS CustomerGroupCode,
    TRIM(CustomerGroupLevel3) AS CustomerGroupLevel3Code, TRIM(BusinessTypeCode) AS BusinessTypeCode
FROM Enterprise_Lakehouse.Wholesale_ProductSourcing_AFI.CustomerGrouping"
SupplyChain_Processing_Warehouse,ReferenceMaster_Enh,v_CustomerGrouping,"-- ---- ReferenceMaster_Enh.v_CustomerGrouping ----
CREATE VIEW ReferenceMaster_Enh.v_CustomerGrouping AS
SELECT DISTINCT UPPER(TRIM(CustomerGroup)) AS CustomerGroupCode, TRIM(CustomerNumber) AS Customer
FROM Enterprise_Lakehouse.Wholesale_ProductSourcing_AFI.CustomerGrouping WHERE CustomerGroup IS NOT NULL"
SupplyChain_Processing_Warehouse,ReferenceMaster_Enh,v_CustomerShippingLocation,"-- ---- ReferenceMaster_Enh.v_CustomerShippingLocation ----
CREATE   VIEW ReferenceMaster_Enh.v_CustomerShippingLocation AS
SELECT
    CAST(src.[commAudit] AS BIT) AS [commAudit],
    CAST(src.[commAudit2] AS BIT) AS [commAudit2],
    CAST(TRIM(src.[cslCustomerNumber]) AS VARCHAR(8000)) AS [cslCustomerNumber],
    CAST(TRIM(src.[cslShiptoNumber]) AS VARCHAR(8000)) AS [cslShiptoNumber],
    CAST(src.[cslMapicsSequenceNumber] AS SMALLINT) AS [cslMapicsSequenceNumber],
    CAST(TRIM(src.[cslName]) AS VARCHAR(8000)) AS [cslName],
    CAST(TRIM(src.[csmShpa1]) AS VARCHAR(8000)) AS [csmShpa1],
    CAST(TRIM(src.[csmShpa2]) AS VARCHAR(8000)) AS [csmShpa2],
    CAST(TRIM(src.[csmShpa3]) AS VARCHAR(8000)) AS [csmShpa3],
    CAST(TRIM(src.[csmShpzp]) AS VARCHAR(8000)) AS [csmShpzp],
    CAST(TRIM(src.[csmShpst]) AS VARCHAR(8000)) AS [csmShpst],
    CAST(TRIM(src.[csmShpco]) AS VARCHAR(8000)) AS [csmShpco],
    CAST(TRIM(src.[csmPhone]) AS VARCHAR(8000)) AS [csmPhone],
    CAST(TRIM(src.[csmFaxTn]) AS VARCHAR(8000)) AS [csmFaxTn],
    CAST(TRIM(src.[cslTaxExempt]) AS VARCHAR(8000)) AS [cslTaxExempt],
    CAST(TRIM(src.[csmWebsite]) AS VARCHAR(8000)) AS [csmWebsite],
    CAST(TRIM(src.[csmEmail]) AS VARCHAR(8000)) AS [csmEmail],
    CAST(TRIM(src.[cslCommissionCode]) AS VARCHAR(8000)) AS [cslCommissionCode],
    CAST(TRIM(src.[cslFreightCode]) AS VARCHAR(8000)) AS [cslFreightCode],
    CAST(TRIM(src.[cslPriceCode]) AS VARCHAR(8000)) AS [cslPriceCode],
    CAST(TRIM(src.[cslDiscountCode]) AS VARCHAR(8000)) AS [cslDiscountCode],
    CAST(src.[cslCommissionSplit] AS DECIMAL(7,4)) AS [cslCommissionSplit],
    CAST(TRIM(src.[cslDefaultWarehouse]) AS VARCHAR(8000)) AS [cslDefaultWarehouse],
    CAST(TRIM(src.[cslShippingTerritory]) AS VARCHAR(8000)) AS [cslShippingTerritory],
    CAST(TRIM(src.[cslBusinessType]) AS VARCHAR(8000)) AS [cslBusinessType],
    CAST(TRIM(src.[cslShipType]) AS VARCHAR(8000)) AS [cslShipType],
    CAST(TRIM(src.[cslTranscomPrimaryID]) AS VARCHAR(8000)) AS [cslTranscomPrimaryID],
    CAST(TRIM(src.[csmContact]) AS VARCHAR(8000)) AS [csmContact],
    CAST(TRIM(src.[cslComment1]) AS VARCHAR(8000)) AS [cslComment1],
    CAST(TRIM(src.[cslComment2]) AS VARCHAR(8000)) AS [cslComment2],
    CAST(src.[cslTerritoryEffectivityDate] AS DATETIME2(6)) AS [cslTerritoryEffectivityDate],
    CAST(TRIM(src.[cslCrmID]) AS VARCHAR(8000)) AS [cslCrmID],
    CAST(TRIM(src.[csmCsPhone]) AS VARCHAR(8000)) AS [csmCsPhone],
    CAST(TRIM(src.[csmcsFax]) AS VARCHAR(8000)) AS [csmcsFax],
    CAST(TRIM(src.[csmcsContact]) AS VARCHAR(8000)) AS [csmcsContact],
    CAST(TRIM(src.[csmcsEmail]) AS VARCHAR(8000)) AS [csmcsEmail],
    CAST(TRIM(src.[cslMemo]) AS VARCHAR(8000)) AS [cslMemo],
    CAST(TRIM(src.[csmMsa_Fips]) AS VARCHAR(8000)) AS [csmMsa_Fips],
    CAST(src.[csmRMCityNumber] AS INT) AS [csmRMCityNumber],
    CAST(TRIM(src.[cslTranscomAlternateID]) AS VARCHAR(8000)) AS [cslTranscomAlternateID],
    CAST(TRIM(src.[csmDirections]) AS VARCHAR(8000)) AS [csmDirections],
    CAST(TRIM(src.[csmCrossStreet]) AS VARCHAR(8000)) AS [csmCrossStreet],
    CAST(src.[csmChgAddr] AS BIT) AS [csmChgAddr],
    CAST(src.[csmChgShip] AS BIT) AS [csmChgShip],
    CAST(src.[csmChgShipExt] AS BIT) AS [csmChgShipExt],
    CAST(src.[csmChgCust] AS BIT) AS [csmChgCust],
    CAST(TRIM(src.[usra]) AS VARCHAR(8000)) AS [usra],
    CAST(src.[dtea] AS DATETIME2(6)) AS [dtea],
    CAST(TRIM(src.[usrc]) AS VARCHAR(8000)) AS [usrc],
    CAST(src.[dtec] AS DATETIME2(6)) AS [dtec],
    CAST(TRIM(src.[acrec]) AS VARCHAR(8000)) AS [acrec],
    CAST(TRIM(src.[csmCounty]) AS VARCHAR(8000)) AS [csmCounty],
    CAST(src.[cslBlockRepOrderEntry] AS BIT) AS [cslBlockRepOrderEntry],
    CAST(src.[cslCustomerSegment] AS SMALLINT) AS [cslCustomerSegment],
    CAST(src.[cslLastStatusChangeDate] AS DATETIME2(6)) AS [cslLastStatusChangeDate],
    CAST(src.[cslBuyerAddressID] AS INT) AS [cslBuyerAddressID],
    CAST(src.[cslPartyLocationID] AS INT) AS [cslPartyLocationID],
    CAST(src.[cslRouteAddressID] AS INT) AS [cslRouteAddressID],
    CAST(TRIM(src.[cslDefaultOrderType1]) AS VARCHAR(8000)) AS [cslDefaultOrderType1],
    CAST(TRIM(src.[cslDefaultOrderType2]) AS VARCHAR(8000)) AS [cslDefaultOrderType2],
    CAST(TRIM(src.[cslDefaultOrderType3]) AS VARCHAR(8000)) AS [cslDefaultOrderType3],
    CAST(TRIM(src.[cslDefaultOrderType4]) AS VARCHAR(8000)) AS [cslDefaultOrderType4],
    CAST(src.[csmShled] AS SMALLINT) AS [csmShled],
    CAST(src.[csmAppcd] AS INT) AS [csmAppcd],
    CAST(TRIM(src.[cslAllowFax]) AS VARCHAR(8000)) AS [cslAllowFax],
    CAST(TRIM(src.[cslDirectConsumer]) AS VARCHAR(8000)) AS [cslDirectConsumer],
    CAST(TRIM(src.[cslDeliveryUnitOfMeasure]) AS VARCHAR(8000)) AS [cslDeliveryUnitOfMeasure],
    CAST(src.[cslDeliveryUnitOfMeasureFence] AS DECIMAL(7,2)) AS [cslDeliveryUnitOfMeasureFence],
    CAST(TRIM(src.[cslExportsLCLConsolidationFlag]) AS VARCHAR(8000)) AS [cslExportsLCLConsolidationFlag],
    CAST(TRIM(src.[cslExportsDocumentCountry]) AS VARCHAR(8000)) AS [cslExportsDocumentCountry],
    CAST(TRIM(src.[cslExportsProductOnPallets]) AS VARCHAR(8000)) AS [cslExportsProductOnPallets],
    CAST(TRIM(src.[cslExportsAppointmentsRequired]) AS VARCHAR(8000)) AS [cslExportsAppointmentsRequired],
    CAST(src.[cslHasDock] AS BIT) AS [cslHasDock],
    CAST(TRIM(src.[cslHasDockUserDate]) AS VARCHAR(8000)) AS [cslHasDockUserDate],
    CAST(TRIM(src.[cslExpressShippingMethod]) AS VARCHAR(8000)) AS [cslExpressShippingMethod],
    CAST(TRIM(src.[cslDirectIncludeShipto]) AS VARCHAR(8000)) AS [cslDirectIncludeShipto],
    CAST(src.[cslExpressHandlingCharge] AS DECIMAL(4,3)) AS [cslExpressHandlingCharge],
    CAST(src.[cslExpressMinimum] AS DECIMAL(10,2)) AS [cslExpressMinimum],
    CAST(src.[cslExpressMaximum] AS DECIMAL(10,2)) AS [cslExpressMaximum],
    CAST(TRIM(src.[cslDefaultLanguage]) AS VARCHAR(8000)) AS [cslDefaultLanguage],
    CAST(TRIM(src.[cslExpressServiceContractNumber]) AS VARCHAR(8000)) AS [cslExpressServiceContractNumber],
    CAST(TRIM(src.[cslUseNegotiatedFreightRate]) AS VARCHAR(8000)) AS [cslUseNegotiatedFreightRate],
    CAST(TRIM(src.[cslUseStandardFreightRate]) AS VARCHAR(8000)) AS [cslUseStandardFreightRate],
    CAST(TRIM(src.[cslDoNotRepriceOrders]) AS VARCHAR(8000)) AS [cslDoNotRepriceOrders],
    CAST(TRIM(src.[cslPricingUseOfflineFiles]) AS VARCHAR(8000)) AS [cslPricingUseOfflineFiles],
    CAST(src.[cslReturnAddressID] AS INT) AS [cslReturnAddressID],
    CAST(TRIM(src.[cslReturnAddressName]) AS VARCHAR(8000)) AS [cslReturnAddressName]
FROM [Enterprise_Lakehouse].[Customers].[ShippingLocations] AS src"
SupplyChain_Processing_Warehouse,ReferenceMaster_Enh,v_ForecastCycle,"
CREATE   VIEW ReferenceMaster_Enh.v_ForecastCycle AS
SELECT
    CAST(TRIM(src.[code_cycle]) AS VARCHAR(8000)) AS [CycleName],
    CAST(TRIM(src.[name_cycle_description]) AS VARCHAR(8000)) AS [CycleDescription],
    CAST(src.[dt_cycle_month_last] AS DATE) AS [CycleMonthLastDate],
    CAST(src.[dt_forecast_snapshot] AS DATE) AS [ForecastSnapshot],
    CAST(TRIM(src.[name_exception_note]) AS VARCHAR(8000)) AS [ExceptionNote],
    CAST(src.[ts_modified] AS DATETIME2(6)) AS [Modified],
    CAST(src.[ts_created] AS DATETIME2(6)) AS [Created]
FROM ProcessingSeed.ForecastCycle AS src;
"
SupplyChain_Processing_Warehouse,ReferenceMaster_Enh,v_ForecastHorizon,"
CREATE   VIEW ReferenceMaster_Enh.v_ForecastHorizon AS
SELECT
    CAST(TRIM(src.HorizonCode) AS VARCHAR(20)) AS HorizonCode,
    CAST(src.[Rank] AS INT) AS [Rank]
FROM ProcessingSeed.ForecastHorizon AS src
"
SupplyChain_Processing_Warehouse,ReferenceMaster_Enh,v_ItemMaster,"-- ---- ReferenceMaster_Enh.v_ItemMaster ----
CREATE   VIEW ReferenceMaster_Enh.v_ItemMaster AS
SELECT
    CAST(src.[RowID] AS BIGINT) AS [RowID],
    CAST(TRIM(src.[ItemSKU]) AS VARCHAR(8000)) AS [ItemSKU],
    CAST(TRIM(src.[ItemKey]) AS VARCHAR(8000)) AS [ItemKey],
    CAST(TRIM(src.[Item]) AS VARCHAR(8000)) AS [Item],
    CAST(TRIM(src.[ItemCode]) AS VARCHAR(8000)) AS [ItemCode],
    CAST(TRIM(src.[SeriesNumber]) AS VARCHAR(8000)) AS [SeriesNumber],
    CAST(TRIM(src.[ExtSeriesNumber]) AS VARCHAR(8000)) AS [ExtSeriesNumber],
    CAST(TRIM(src.[FrameNumber]) AS VARCHAR(8000)) AS [FrameNumber],
    CAST(src.[QtyInBox] AS DECIMAL(4,0)) AS [QtyInBox],
    CAST(TRIM(src.[UOM]) AS VARCHAR(8000)) AS [UOM],
    CAST(src.[ProductHeightMeters] AS DECIMAL(7,2)) AS [ProductHeightMeters],
    CAST(src.[ProductWidthMeters] AS DECIMAL(7,2)) AS [ProductWidthMeters],
    CAST(src.[ProductDepthMeters] AS DECIMAL(7,2)) AS [ProductDepthMeters],
    CAST(src.[CartonHeightMeters] AS DECIMAL(7,2)) AS [CartonHeightMeters],
    CAST(src.[CartonWidthMeters] AS DECIMAL(7,2)) AS [CartonWidthMeters],
    CAST(src.[CartonDepthMeters] AS DECIMAL(7,2)) AS [CartonDepthMeters],
    CAST(src.[ProductHeightInches] AS DECIMAL(7,2)) AS [ProductHeightInches],
    CAST(src.[ProductWidthInches] AS DECIMAL(7,2)) AS [ProductWidthInches],
    CAST(src.[ProductDepthInches] AS DECIMAL(7,2)) AS [ProductDepthInches],
    CAST(src.[CartonHeightInches] AS DECIMAL(7,2)) AS [CartonHeightInches],
    CAST(src.[CartonWidthInches] AS DECIMAL(7,2)) AS [CartonWidthInches],
    CAST(src.[CartonDepthInches] AS DECIMAL(7,2)) AS [CartonDepthInches],
    CAST(src.[Cubes] AS DECIMAL(5,2)) AS [Cubes],
    CAST(src.[Seats] AS DECIMAL(5,2)) AS [Seats],
    CAST(TRIM(src.[ItemDescription]) AS VARCHAR(8000)) AS [ItemDescription],
    CAST(TRIM(src.[SeriesName]) AS VARCHAR(8000)) AS [SeriesName],
    CAST(TRIM(src.[SeriesColor]) AS VARCHAR(8000)) AS [SeriesColor],
    CAST(TRIM(src.[Colors]) AS VARCHAR(8000)) AS [Colors],
    CAST(TRIM(src.[ItemDescriptionSeries]) AS VARCHAR(8000)) AS [ItemDescriptionSeries],
    CAST(TRIM(src.[SHItemDescriptionSeries]) AS VARCHAR(8000)) AS [SHItemDescriptionSeries],
    CAST(TRIM(src.[SHSeriesDescription]) AS VARCHAR(8000)) AS [SHSeriesDescription],
    CAST(TRIM(src.[ItemDescriptionSeriesItemColor]) AS VARCHAR(8000)) AS [ItemDescriptionSeriesItemColor],
    CAST(TRIM(src.[ChildStyleDescription]) AS VARCHAR(8000)) AS [ChildStyleDescription],
    CAST(TRIM(src.[ParentStyleDescription]) AS VARCHAR(8000)) AS [ParentStyleDescription],
    CAST(TRIM(src.[SeriesDescription]) AS VARCHAR(8000)) AS [SeriesDescription],
    CAST(TRIM(src.[ItemName]) AS VARCHAR(8000)) AS [ItemName],
    CAST(TRIM(src.[ItemConsumerDescription]) AS VARCHAR(8000)) AS [ItemConsumerDescription],
    CAST(TRIM(src.[RetailTypeDescription]) AS VARCHAR(8000)) AS [RetailTypeDescription],
    CAST(TRIM(src.[MainPieceItem]) AS VARCHAR(8000)) AS [MainPieceItem],
    CAST(TRIM(src.[ItemClass]) AS VARCHAR(8000)) AS [ItemClass],
    CAST(TRIM(src.[ItemClassCode]) AS VARCHAR(8000)) AS [ItemClassCode],
    CAST(TRIM(src.[ItemClassName]) AS VARCHAR(8000)) AS [ItemClassName],
    CAST(TRIM(src.[ProductLine]) AS VARCHAR(8000)) AS [ProductLine],
    CAST(TRIM(src.[RetailCategoryCode]) AS VARCHAR(8000)) AS [RetailCategoryCode],
    CAST(TRIM(src.[RetailCategoryDescription]) AS VARCHAR(8000)) AS [RetailCategoryDescription],
    CAST(TRIM(src.[RetailCategoryName]) AS VARCHAR(8000)) AS [RetailCategoryName],
    CAST(TRIM(src.[RetailDepartmentName]) AS VARCHAR(8000)) AS [RetailDepartmentName],
    CAST(TRIM(src.[RetailCategoryGroup]) AS VARCHAR(8000)) AS [RetailCategoryGroup],
    CAST(TRIM(src.[RetailCategoryChargeType]) AS VARCHAR(8000)) AS [RetailCategoryChargeType],
    CAST(TRIM(src.[AFIFinanceDivision]) AS VARCHAR(8000)) AS [AFIFinanceDivision],
    CAST(TRIM(src.[AFIFinanceDivisionCode]) AS VARCHAR(8000)) AS [AFIFinanceDivisionCode],
    CAST(TRIM(src.[AFISalesCategoryCode]) AS VARCHAR(8000)) AS [AFISalesCategoryCode],
    CAST(TRIM(src.[AFISalesCategory]) AS VARCHAR(8000)) AS [AFISalesCategory],
    CAST(TRIM(src.[ItemStyleCode]) AS VARCHAR(8000)) AS [ItemStyleCode],
    CAST(TRIM(src.[ItemStyleGroup]) AS VARCHAR(8000)) AS [ItemStyleGroup],
    CAST(TRIM(src.[ItemStyle]) AS VARCHAR(8000)) AS [ItemStyle],
    CAST(TRIM(src.[Division]) AS VARCHAR(8000)) AS [Division],
    CAST(TRIM(src.[AFISalesDivisionCode]) AS VARCHAR(8000)) AS [AFISalesDivisionCode],
    CAST(TRIM(src.[AFISalesDivision]) AS VARCHAR(8000)) AS [AFISalesDivision],
    CAST(src.[KeyItem] AS BIT) AS [KeyItem],
    CAST(TRIM(src.[ItemType]) AS VARCHAR(8000)) AS [ItemType],
    CAST(TRIM(src.[SalesClassCode]) AS VARCHAR(8000)) AS [SalesClassCode],
    CAST(TRIM(src.[SalesClassDescription]) AS VARCHAR(8000)) AS [SalesClassDescription],
    CAST(TRIM(src.[SalesClass]) AS VARCHAR(8000)) AS [SalesClass],
    CAST(TRIM(src.[DiscountClassCode]) AS VARCHAR(8000)) AS [DiscountClassCode],
    CAST(TRIM(src.[DiscountClassDescription]) AS VARCHAR(8000)) AS [DiscountClassDescription],
    CAST(TRIM(src.[DiscountClass]) AS VARCHAR(8000)) AS [DiscountClass],
    CAST(TRIM(src.[CommissionClassCode]) AS VARCHAR(8000)) AS [CommissionClassCode],
    CAST(TRIM(src.[CommissionClassDescription]) AS VARCHAR(8000)) AS [CommissionClassDescription],
    CAST(TRIM(src.[CommissionClass]) AS VARCHAR(8000)) AS [CommissionClass],
    CAST(TRIM(src.[FreightClassCode]) AS VARCHAR(8000)) AS [FreightClassCode],
    CAST(TRIM(src.[FreightClassDescription]) AS VARCHAR(8000)) AS [FreightClassDescription],
    CAST(TRIM(src.[FreightClass]) AS VARCHAR(8000)) AS [FreightClass],
    CAST(TRIM(src.[AFIItemStatus]) AS VARCHAR(8000)) AS [AFIItemStatus],
    CAST(TRIM(src.[SellableItemFlag]) AS VARCHAR(8000)) AS [SellableItemFlag],
    CAST(TRIM(src.[ManufacturingStatus]) AS VARCHAR(8000)) AS [ManufacturingStatus],
    CAST(TRIM(src.[ResponsibleOffice]) AS VARCHAR(8000)) AS [ResponsibleOffice],
    CAST(TRIM(src.[ResponsibleOfficeName]) AS VARCHAR(8000)) AS [ResponsibleOfficeName],
    CAST(TRIM(src.[ImportDomesticCode]) AS VARCHAR(8000)) AS [ImportDomesticCode],
    CAST(TRIM(src.[CountryofOrigin]) AS VARCHAR(8000)) AS [CountryofOrigin],
    CAST(TRIM(src.[PrimaryVendor]) AS VARCHAR(8000)) AS [PrimaryVendor],
    CAST(src.[ManufacturingStatusChangeDate] AS DATE) AS [ManufacturingStatusChangeDate],
    CAST(TRIM(src.[ItemForecastPlannerID]) AS VARCHAR(8000)) AS [ItemForecastPlannerID],
    CAST(src.[NewItemFlag] AS BIT) AS [NewItemFlag],
    CAST(src.[DiscontinuedFlag] AS BIT) AS [DiscontinuedFlag],
    CAST(TRIM(src.[DiscontinuedYearPeriod]) AS VARCHAR(8000)) AS [DiscontinuedYearPeriod],
    CAST(TRIM(src.[CommonCarrierFlag]) AS VARCHAR(8000)) AS [CommonCarrierFlag],
    CAST(TRIM(src.[ExpressShipFlag]) AS VARCHAR(8000)) AS [ExpressShipFlag],
    CAST(src.[DiscontinuedDate] AS DATE) AS [DiscontinuedDate],
    CAST(src.[SeriesDateArchived] AS DATE) AS [SeriesDateArchived],
    CAST(src.[SeriesDiscontinuedFlag] AS BIT) AS [SeriesDiscontinuedFlag],
    CAST(TRIM(src.[PreviousStatusCode]) AS VARCHAR(8000)) AS [PreviousStatusCode],
    CAST(src.[StatusCodeChangeDate] AS DATE) AS [StatusCodeChangeDate],
    CAST(src.[CurrentUnitCost] AS DECIMAL(19,8)) AS [CurrentUnitCost],
    CAST(TRIM(src.[CEXCode]) AS VARCHAR(8000)) AS [CEXCode],
    CAST(TRIM(src.[MarketIntroducedAt]) AS VARCHAR(8000)) AS [MarketIntroducedAt],
    CAST(src.[MerchandisingCategory] AS SMALLINT) AS [MerchandisingCategory],
    CAST(src.[PricePoint] AS INT) AS [PricePoint],
    CAST(TRIM(src.[ItemGrouping]) AS VARCHAR(8000)) AS [ItemGrouping],
    CAST(src.[SeriesGrouping] AS SMALLINT) AS [SeriesGrouping],
    CAST(TRIM(src.[MasterGroupCode]) AS VARCHAR(8000)) AS [MasterGroupCode],
    CAST(TRIM(src.[AssociationCode]) AS VARCHAR(8000)) AS [AssociationCode],
    CAST(TRIM(src.[MarketingItemStatus]) AS VARCHAR(8000)) AS [MarketingItemStatus],
    CAST(TRIM(src.[MarketingStatusDescription]) AS VARCHAR(8000)) AS [MarketingStatusDescription],
    CAST(TRIM(src.[Lifestyle]) AS VARCHAR(8000)) AS [Lifestyle],
    CAST(src.[CommodityItem] AS BIT) AS [CommodityItem],
    CAST(src.[F123ProductFlag] AS BIT) AS [F123ProductFlag],
    CAST(src.[HSCoreProductFlag] AS BIT) AS [HSCoreProductFlag],
    CAST(src.[HSProprietaryProductFlag] AS BIT) AS [HSProprietaryProductFlag],
    CAST(src.[HSExclusiveFlag] AS BIT) AS [HSExclusiveFlag],
    CAST(src.[BerklineProductFlag] AS BIT) AS [BerklineProductFlag],
    CAST(src.[BenchcraftProductFlag] AS BIT) AS [BenchcraftProductFlag],
    CAST(src.[NewMillenniumProductFlag] AS BIT) AS [NewMillenniumProductFlag],
    CAST(src.[BardiniProductFlag] AS BIT) AS [BardiniProductFlag],
    CAST(src.[ShanghaiStore] AS BIT) AS [ShanghaiStore],
    CAST(src.[DefaultGroup] AS BIT) AS [DefaultGroup],
    CAST(TRIM(src.[GoodBetterBestForPricePoint]) AS VARCHAR(8000)) AS [GoodBetterBestForPricePoint],
    CAST(src.[GBBSortId] AS INT) AS [GBBSortId],
    CAST(TRIM(src.[InitialInvoicePeriod]) AS VARCHAR(8000)) AS [InitialInvoicePeriod],
    CAST(src.[InitialInvoiceQty] AS DECIMAL(38,0)) AS [InitialInvoiceQty],
    CAST(src.[MarketBeginDate] AS DATE) AS [MarketBeginDate],
    CAST(src.[MarketEndDate] AS DATE) AS [MarketEndDate],
    CAST(TRIM(src.[Showroom]) AS VARCHAR(8000)) AS [Showroom],
    CAST(TRIM(src.[ItemImage]) AS VARCHAR(8000)) AS [ItemImage],
    CAST(src.[FOBArcPrice] AS DECIMAL(8,2)) AS [FOBArcPrice],
    CAST(src.[DivisionRanking] AS INT) AS [DivisionRanking],
    CAST(TRIM(src.[TrendArrow]) AS VARCHAR(8000)) AS [TrendArrow],
    CAST(TRIM(src.[ItemMerchGridOverridePhoto]) AS VARCHAR(8000)) AS [ItemMerchGridOverridePhoto],
    CAST(src.[GroupPriceIncr] AS DECIMAL(5,0)) AS [GroupPriceIncr],
    CAST(TRIM(src.[GroupPricePointType]) AS VARCHAR(8000)) AS [GroupPricePointType],
    CAST(TRIM(src.[ExclusiveComment]) AS VARCHAR(8000)) AS [ExclusiveComment],
    CAST(TRIM(src.[SeriesImage]) AS VARCHAR(8000)) AS [SeriesImage],
    CAST(TRIM(src.[SofaTableSeriesFlag]) AS VARCHAR(8000)) AS [SofaTableSeriesFlag],
    CAST(TRIM(src.[ReclinerSeriesFlag]) AS VARCHAR(8000)) AS [ReclinerSeriesFlag],
    CAST(TRIM(src.[PowerMotionSeriesFlag]) AS VARCHAR(8000)) AS [PowerMotionSeriesFlag],
    CAST(TRIM(src.[WedgeSeriesFlag]) AS VARCHAR(8000)) AS [WedgeSeriesFlag],
    CAST(TRIM(src.[DiningSeriesFlag]) AS VARCHAR(8000)) AS [DiningSeriesFlag],
    CAST(TRIM(src.[ItemThirdPartyItem]) AS VARCHAR(8000)) AS [ItemThirdPartyItem],
    CAST(TRIM(src.[SeriesThirdParty]) AS VARCHAR(8000)) AS [SeriesThirdParty],
    CAST(TRIM(src.[ItemHomeStoreProductLine]) AS VARCHAR(8000)) AS [ItemHomeStoreProductLine],
    CAST(TRIM(src.[ItemEcomMerchantNotes]) AS VARCHAR(8000)) AS [ItemEcomMerchantNotes],
    CAST(TRIM(src.[ItemAmazonBrandOwner]) AS VARCHAR(8000)) AS [ItemAmazonBrandOwner],
    CAST(TRIM(src.[ItemSupplierDirectShipOnly]) AS VARCHAR(8000)) AS [ItemSupplierDirectShipOnly],
    CAST(TRIM(src.[ConsumerChoiceFlag]) AS VARCHAR(8000)) AS [ConsumerChoiceFlag],
    CAST(TRIM(src.[EligibleForProtectionPlan]) AS VARCHAR(8000)) AS [EligibleForProtectionPlan],
    CAST(TRIM(src.[IsProtectionPlan]) AS VARCHAR(8000)) AS [IsProtectionPlan],
    CAST(TRIM(src.[CollectiveClass]) AS VARCHAR(8000)) AS [CollectiveClass],
    CAST(TRIM(src.[FriendlyDimensions]) AS VARCHAR(8000)) AS [FriendlyDimensions],
    CAST(TRIM(src.[Knockout]) AS VARCHAR(8000)) AS [Knockout],
    CAST(TRIM(src.[Scene7ImageSet]) AS VARCHAR(8000)) AS [Scene7ImageSet],
    CAST(TRIM(src.[FluffAFI]) AS VARCHAR(8000)) AS [FluffAFI],
    CAST(TRIM(src.[SeriesPrimary]) AS VARCHAR(8000)) AS [SeriesPrimary],
    CAST(TRIM(src.[SeriesMainImage]) AS VARCHAR(8000)) AS [SeriesMainImage],
    CAST(TRIM(src.[StandAloneFlag]) AS VARCHAR(8000)) AS [StandAloneFlag],
    CAST(TRIM(src.[SuppWeightNetWeightLbs]) AS VARCHAR(8000)) AS [SuppWeightNetWeightLbs],
    CAST(TRIM(src.[UnitWeightLbs]) AS VARCHAR(8000)) AS [UnitWeightLbs],
    CAST(TRIM(src.[UPC]) AS VARCHAR(8000)) AS [UPC],
    CAST(TRIM(src.[RetailBrandName]) AS VARCHAR(8000)) AS [RetailBrandName],
    CAST(TRIM(src.[MfgWarranty]) AS VARCHAR(8000)) AS [MfgWarranty],
    CAST(TRIM(src.[Material]) AS VARCHAR(8000)) AS [Material],
    CAST(TRIM(src.[SeriesFeatures]) AS VARCHAR(8000)) AS [SeriesFeatures],
    CAST(TRIM(src.[ItemIsRTA]) AS VARCHAR(8000)) AS [ItemIsRTA],
    CAST(TRIM(src.[PrimaryChannelSku]) AS VARCHAR(8000)) AS [PrimaryChannelSku],
    CAST(TRIM(src.[PrimarySeriesName]) AS VARCHAR(8000)) AS [PrimarySeriesName],
    CAST(TRIM(src.[PrimarySeriesNumber]) AS VARCHAR(8000)) AS [PrimarySeriesNumber],
    CAST(TRIM(src.[ERetailChannelSku]) AS VARCHAR(8000)) AS [ERetailChannelSku],
    CAST(TRIM(src.[ERetailSeriesName]) AS VARCHAR(8000)) AS [ERetailSeriesName],
    CAST(TRIM(src.[ERetailSeriesNumber]) AS VARCHAR(8000)) AS [ERetailSeriesNumber],
    CAST(TRIM(src.[ItemTableShapeType]) AS VARCHAR(8000)) AS [ItemTableShapeType],
    CAST(TRIM(src.[ItemBedSizeType]) AS VARCHAR(8000)) AS [ItemBedSizeType],
    CAST(TRIM(src.[ItemBedStyleType]) AS VARCHAR(8000)) AS [ItemBedStyleType],
    CAST(TRIM(src.[ItemGeneralColor]) AS VARCHAR(8000)) AS [ItemGeneralColor],
    CAST(TRIM(src.[ItemPricePointRating]) AS VARCHAR(8000)) AS [ItemPricePointRating]
FROM [Enterprise_Lakehouse].[MasterData_DW].[DimItemMaster] AS src"
SupplyChain_Processing_Warehouse,ReferenceMaster_Enh,v_OrderType,"-- ---- ReferenceMaster_Enh.v_OrderType ----
CREATE   VIEW ReferenceMaster_Enh.v_OrderType AS
SELECT
    CAST(TRIM(src.[OTCODE]) AS VARCHAR(8000)) AS [OTCODE],
    CAST(TRIM(src.[OTDES1]) AS VARCHAR(8000)) AS [OTDES1],
    CAST(TRIM(src.[OTDES2]) AS VARCHAR(8000)) AS [OTDES2],
    CAST(TRIM(src.[OTUSER]) AS VARCHAR(8000)) AS [OTUSER],
    CAST(src.[OTDATE] AS DECIMAL(8,0)) AS [OTDATE],
    CAST(TRIM(src.[OORDCL]) AS VARCHAR(8000)) AS [OORDCL],
    CAST(TRIM(src.[OROUTE]) AS VARCHAR(8000)) AS [OROUTE],
    CAST(TRIM(src.[OOTCAT]) AS VARCHAR(8000)) AS [OOTCAT],
    CAST(TRIM(src.[OADCHG]) AS VARCHAR(8000)) AS [OADCHG],
    CAST(TRIM(src.[OARFLG]) AS VARCHAR(8000)) AS [OARFLG],
    CAST(TRIM(src.[OWNEXP]) AS VARCHAR(8000)) AS [OWNEXP],
    CAST(TRIM(src.[OMINEXC]) AS VARCHAR(8000)) AS [OMINEXC],
    CAST(TRIM(src.[OREQMNT]) AS VARCHAR(8000)) AS [OREQMNT],
    CAST(TRIM(src.[OFDESCH]) AS VARCHAR(8000)) AS [OFDESCH],
    CAST(TRIM(src.[OFDRIMS]) AS VARCHAR(8000)) AS [OFDRIMS],
    CAST(TRIM(src.[OTRPTYP]) AS VARCHAR(8000)) AS [OTRPTYP],
    CAST(TRIM(src.[OZNLTIM]) AS VARCHAR(8000)) AS [OZNLTIM],
    CAST(TRIM(src.[OSPECHND]) AS VARCHAR(8000)) AS [OSPECHND],
    CAST(TRIM(src.[OAUTORSCH]) AS VARCHAR(8000)) AS [OAUTORSCH],
    CAST(TRIM(src.[OUSRDFN]) AS VARCHAR(8000)) AS [OUSRDFN]
FROM [Enterprise_Lakehouse].[Wholesale_Codis_AFI].[AAORDTYP] AS src"
SupplyChain_Processing_Warehouse,ReferenceMaster_Enh,v_Vendor,"-- ============================================================
-- Silver Views — InventoryHealth Project (project='inventory_health')
-- ============================================================
-- Layer: Silver. Pattern: 1 generic SP (Meta.usp_GenericLoad) + N views.
--   Each view encapsulates business logic from the deliverable v1 procs.
--   Meta.usp_GenericLoad reads Meta.AssetRegistry to know:
--     - load_type (overwrite | incremental | datekey | upsert | ...)
--     - watermark_column / primary_key / date_key (incremental/datekey/upsert)
--     - last_watermark_value (for incremental)
--   At CTAS time: SELECT * FROM <view> + auto-inject LoadDT column.
-- Source (target WH): SupplyChain_Processing_Warehouse (c0262cef-...)
-- Target schemas: InventoryHistory_Enh (NEW) + ReferenceMaster_Enh (extend with Vendor only)
-- Reuse (do NOT recreate): ReferenceMaster_Enh.ItemMaster, ReferenceMaster_Enh.Warehouse, ReferenceMaster_Enh.Calendar
-- ============================================================
-- Track A fixes preserved (deliverable v1, 2026-05-17):
--   H1 ItemAllocationFlag=2 (Robert sign-off pending)
--   H2 ATPSUM UNPIVOT APAT01-43 only (data-shape fix)
--   H3 FG-only + WH exclusion (matches sếp's PurchaseOrderSnapshot)
--   H4 ORDER BY FiscalMonthYear (math fix, applied in gold_views)
--   H5 WeekFourFlag exact week (applied in gold_views, Robert sign-off pending)
--   M1 Saturday detection via DATENAME — N/A (handled by Meta.usp_GenericLoad cron)
--   M3 Cogs52W → Cogs52M rename (applied in gold_views, Robert sign-off pending)
--   M4 SLOB NULL guard (applied in gold_views)
--   M5 AWD COUNTROWS SUMMARIZE (applied in DAX)
--   B1 PoDetail source switched Enterprise.PoDetail (preserved below)
--   B2 ForecastCurrent reads DemandForecast (preserved below)
--   B3 Warehouse exclusion flag columns (preserved in v_WarehouseExt + v_InventoryCurrent + v_PurchaseOrder)
-- ============================================================


-- ============================================================
-- §A. ReferenceMaster_Enh — NEW Vendor view (1 NEW)
--     ItemMaster + Warehouse already exist; only Vendor is NEW.
-- ============================================================

-- ---- ReferenceMaster_Enh.v_Vendor (NEW for inventory_health) ----
-- Source: Enterprise_Lakehouse.Purchasing_AFI.VendorMaster (51 cols, 86,598 rows)
CREATE VIEW ReferenceMaster_Enh.v_Vendor AS
SELECT
    CAST(TRIM(v.VendorNumber) AS VARCHAR(50))           AS VendorNumber,
    CAST(v.VendorName         AS VARCHAR(200))          AS VendorName,
    CAST('Purchasing_AFI'     AS VARCHAR(64))           AS SourceSystem,
    CAST('VendorMaster'       AS VARCHAR(128))          AS SourceTable
FROM [Enterprise_Lakehouse].[Purchasing_AFI].[VendorMaster] v
WHERE v.VendorNumber IS NOT NULL AND TRIM(v.VendorNumber) <> ''"
SupplyChain_Processing_Warehouse,ReferenceMaster_Enh,v_Warehouse,"
CREATE VIEW ReferenceMaster_Enh.v_Warehouse AS
SELECT
    CAST(LocationID AS INT) AS AFIWarehousesKey,
    CAST(RTRIM(Warehouse) AS VARCHAR(50)) AS WarehouseCode,
    CAST(RTRIM(IntransitWarehouse) AS VARCHAR(50)) AS IntransitWarehouse,
    CAST(RTRIM(ContainerDirectWhse) AS VARCHAR(50)) AS ContainerDirectWarehouse,
    CAST(CASE WHEN Controlled = 1 THEN 1 ELSE 0 END AS INT) AS ControlledWarehouse,
    CAST(COALESCE(NULLIF(RTRIM(WarehouseOrderGroup), ''), NULLIF(RTRIM(Warehouse), '')) AS VARCHAR(100)) AS WarehouseLocation,
    CAST(RTRIM(WarehouseOrderGroup) AS VARCHAR(100)) AS WarehouseOrderGroup,
    CAST(CASE WHEN ActiveRecord = 'A' THEN 1 ELSE 0 END AS INT) AS FinanceInventoryReportFlag
FROM Enterprise_Lakehouse.CustomerOrders_AFI.WarehouseMaster
WHERE NULLIF(TRIM(Warehouse), '') IS NOT NULL;
"
SupplyChain_Processing_Warehouse,SalesHistory_Enh,v_ActualDemandMonthly,"-- ---- SalesHistory_Enh.v_ActualDemandMonthly ----
CREATE VIEW SalesHistory_Enh.v_ActualDemandMonthly AS
WITH cf AS (SELECT TOP 1 FSCYearNum FROM ReferenceMaster_Enh.Calendar WHERE Date=CAST(GETDATE() AS DATE))
SELECT INV.ItemSKU, INV.WarehouseCode,
    CASE WHEN CAL.FSCMonthFirst<'2025-04-01' THEN 'AFICONS' ELSE INV.CustomerGroupCode END AS CustomerGroupCode,
    CAL.FSCMonthFirst, CAL.FSCMonthLast,
    SUM(INV.QtyShipped) AS QtyDemand, SUM(INV.AmtNetSales) AS AmtDemand, 'Invoice' AS StatusCode, 'Actual Demand' AS VersionName
FROM SalesHistory_Enh.InvoiceDetailLineLevel INV
INNER JOIN ReferenceMaster_Enh.Calendar CAL ON CAL.Date=DATEADD(DAY,-INV.LeadTimeDaysNum,INV.CurrentRequest)
CROSS JOIN cf WHERE INV.QtyShipped>0 AND CAL.FSCYearNum BETWEEN cf.FSCYearNum-3 AND cf.FSCYearNum+1
GROUP BY INV.ItemSKU, INV.WarehouseCode, CASE WHEN CAL.FSCMonthFirst<'2025-04-01' THEN 'AFICONS' ELSE INV.CustomerGroupCode END, CAL.FSCMonthFirst, CAL.FSCMonthLast
UNION ALL
SELECT OO.ItemSKU, OO.WarehouseCode,
    CASE WHEN CAL.FSCMonthFirst<'2025-04-01' THEN 'AFICONS' ELSE CG.CustomerGroupCode END,
    CAL.FSCMonthFirst, CAL.FSCMonthLast,
    SUM(OO.QtyOpenOrder), SUM(OO.AmtOpenOrder), 'Open Order', 'Actual Demand'
FROM OpenOrderHistory_Enh.OpenOrderLineLevel OO
INNER JOIN ReferenceMaster_Enh.Calendar CAL ON CAL.Date=DATEADD(DAY,-OO.LeadTimeDaysNum,OO.CurrentRequest)
LEFT JOIN ReferenceMaster_Enh.CustomerAccountGroup CG ON CG.Customer=OO.Customer
CROSS JOIN cf WHERE OO.AllocationFlagCode='2' AND CAL.FSCYearNum BETWEEN cf.FSCYearNum-3 AND cf.FSCYearNum+1
GROUP BY OO.ItemSKU, OO.WarehouseCode, CASE WHEN CAL.FSCMonthFirst<'2025-04-01' THEN 'AFICONS' ELSE CG.CustomerGroupCode END, CAL.FSCMonthFirst, CAL.FSCMonthLast"
SupplyChain_Processing_Warehouse,SalesHistory_Enh,v_ActualDemandWeekly,"-- ---- SalesHistory_Enh.v_ActualDemandWeekly ----
CREATE VIEW SalesHistory_Enh.v_ActualDemandWeekly AS
WITH cf AS (SELECT TOP 1 FSCYearNum FROM ReferenceMaster_Enh.Calendar WHERE Date=CAST(GETDATE() AS DATE))
SELECT INV.ItemSKU, INV.WarehouseCode,
    CASE WHEN CAL.FSCWeekFirst<'2025-04-01' THEN 'AFICONS' ELSE INV.CustomerGroupCode END AS CustomerGroupCode,
    CAL.FSCWeekFirst, CAL.FSCWeekLast,
    SUM(INV.QtyShipped) AS QtyDemand, SUM(INV.AmtNetSales) AS AmtDemand, 'Invoice' AS StatusCode, 'Actual Demand' AS VersionName
FROM SalesHistory_Enh.InvoiceDetailLineLevel INV
INNER JOIN ReferenceMaster_Enh.Calendar CAL ON CAL.Date=DATEADD(DAY,-INV.LeadTimeDaysNum,INV.CurrentRequest)
CROSS JOIN cf WHERE INV.QtyShipped>0 AND CAL.FSCYearNum BETWEEN cf.FSCYearNum-3 AND cf.FSCYearNum+1
GROUP BY INV.ItemSKU, INV.WarehouseCode, CASE WHEN CAL.FSCWeekFirst<'2025-04-01' THEN 'AFICONS' ELSE INV.CustomerGroupCode END, CAL.FSCWeekFirst, CAL.FSCWeekLast
UNION ALL
SELECT OO.ItemSKU, OO.WarehouseCode,
    CASE WHEN CAL.FSCWeekFirst<'2025-04-01' THEN 'AFICONS' ELSE CG.CustomerGroupCode END,
    CAL.FSCWeekFirst, CAL.FSCWeekLast,
    SUM(OO.QtyOpenOrder), SUM(OO.AmtOpenOrder), 'Open Order', 'Actual Demand'
FROM OpenOrderHistory_Enh.OpenOrderLineLevel OO
INNER JOIN ReferenceMaster_Enh.Calendar CAL ON CAL.Date=DATEADD(DAY,-OO.LeadTimeDaysNum,OO.CurrentRequest)
LEFT JOIN ReferenceMaster_Enh.CustomerAccountGroup CG ON CG.Customer=OO.Customer
CROSS JOIN cf WHERE OO.AllocationFlagCode='2' AND CAL.FSCYearNum BETWEEN cf.FSCYearNum-3 AND cf.FSCYearNum+1
GROUP BY OO.ItemSKU, OO.WarehouseCode, CASE WHEN CAL.FSCWeekFirst<'2025-04-01' THEN 'AFICONS' ELSE CG.CustomerGroupCode END, CAL.FSCWeekFirst, CAL.FSCWeekLast"
SupplyChain_Processing_Warehouse,SalesHistory_Enh,v_InvoiceDetailLineLevel,"
CREATE   VIEW SalesHistory_Enh.v_InvoiceDetailLineLevel AS
-- 2026-05-19 SWAP: was Staging_Wrk.InvoiceDetailEdw + InvoiceHeaderEdw (SC_LH ver2 → DF2)
-- Now reads EL.SalesHistory_AFI.InvoiceDetail + InvoiceHeader directly (ADR-002 EDW Exit)
-- Column rename: Edw aliases → EL native (InvoiceID→InvoiceNumber, etc.)
SELECT 
    INV.InvoiceNumber                                AS InvoiceID,
    INV.ExtendedInvoiceNumber                        AS InvoiceExtended,
    INV.OrderNumber                                  AS OrderID,
    INV.ItemSequence                                 AS ItemSequenceNum,
    INV.CustomerNumber                               AS Customer,
    INV.ShiptoNumber                                 AS ShipToCode,
    UPPER(RTRIM(CASE WHEN INV.ShiptoNumber IS NULL OR TRIM(INV.ShiptoNumber)='' THEN TRIM(INV.CustomerNumber) ELSE CONCAT(TRIM(INV.CustomerNumber),'-',TRIM(INV.ShiptoNumber)) END)) AS AccountShipTo,
    INV.ItemSKU,
    INV.Warehouse                                    AS WarehouseCode,
    UPPER(CG.CustomerGroupCode)                      AS CustomerGroupCode,
    IH.LeadTime                                      AS LeadTimeDaysNum,
    INV.QuantityShipped                              AS QtyShipped,
    INV.QuantityOrdered                              AS QtyOrdered,
    INV.QuantityBackOrdered                          AS QtyBackordered,
    INV.InvoiceAmount                                AS AmtInvoice,
    INV.NetSales                                     AS AmtNetSales,
    INV.Price                                        AS AmtPrice,
    INV.StandardPrice                                AS AmtStandardPrice,
    INV.ContractPrice                                AS AmtContractPrice,
    INV.Discount                                     AS AmtDiscount,
    INV.PriceAdjustment                              AS AmtPriceAdjustment,
    INV.Freight                                      AS AmtFreight,
    INV.InvoiceDate,
    INV.OrderDate,
    INV.RequestDate                                  AS Request,
    INV.CurrentRequestDate                           AS CurrentRequest,
    INV.CurrentPromiseDate                           AS CurrentPromise,
    INV.OriginalRequestDate                          AS OriginalRequest,
    INV.OriginalPromiseDate                          AS OriginalPromise,
    INV.PromisedDelivery,
    INV.DeliveryDate                                 AS Delivery,
    INV.ActualDelivery,
    INV.OrderType                                    AS OrderTypeCode,
    INV.OrderType3                                   AS OrderType3Code,
    INV.CreditCode,
    INV.ItemClass                                    AS ItemClassCode,
    INV.OrderItemStatus                              AS OrderItemStatusCode
FROM [Enterprise_Lakehouse].[SalesHistory_AFI].[InvoiceDetail] AS INV
LEFT JOIN [Enterprise_Lakehouse].[SalesHistory_AFI].[InvoiceHeader] AS IH
       ON INV.InvoiceNumber=IH.InvoiceNumber AND INV.InvoiceDate=IH.InvoiceDate AND INV.OrderDate=IH.OrderDate AND INV.OrderNumber=IH.OrderNumber
LEFT JOIN ReferenceMaster_Enh.CustomerAccountGroup AS CG ON CG.Customer=INV.CustomerNumber
"
SupplyChain_Processing_Warehouse,SalesHistory_Enh,v_InvoiceWeekly,"-- ---- SalesHistory_Enh.v_InvoiceWeekly ----
CREATE VIEW SalesHistory_Enh.v_InvoiceWeekly AS
WITH cf AS (SELECT TOP 1 FSCYearNum FROM ReferenceMaster_Enh.Calendar WHERE Date=CAST(GETDATE() AS DATE))
SELECT INV.AccountShipTo, INV.ItemSKU, INV.WarehouseCode, INV.CustomerGroupCode,
    CAL.FSCWeekFirst, CAL.FSCWeekLast,
    SUM(INV.QtyShipped) AS QtyShipped, SUM(INV.AmtNetSales) AS AmtNetSales,
    SUM(INV.AmtInvoice) AS AmtInvoice, SUM(INV.AmtFreight) AS AmtFreight,
    COUNT(*) AS InvoiceLines, COUNT(DISTINCT INV.InvoiceID) AS DistinctInvoices
FROM SalesHistory_Enh.InvoiceDetailLineLevel INV
INNER JOIN ReferenceMaster_Enh.Calendar CAL ON CAL.Date=INV.InvoiceDate
CROSS JOIN cf WHERE INV.QtyShipped>0 AND CAL.FSCYearNum>=cf.FSCYearNum-3
GROUP BY INV.AccountShipTo, INV.ItemSKU, INV.WarehouseCode, INV.CustomerGroupCode, CAL.FSCWeekFirst, CAL.FSCWeekLast"
SupplyChain_Processing_Warehouse,Staging_Wrk,v_Codatan,"-- 04_create_renamed_views_processing.sql
-- 28 Processing views recreated with new schema (_Enh/_Wrk) and v_ prefix.
-- Source: etl/staging_ddl.sql + etl/silver_views.sql, transformed.

-- ============== Staging views ==============
-- ============================================================
-- Staging_Wrk Views — Raw EDW Projection
-- ============================================================
-- Layer: Staging. Pattern: TRIM strings, TRY_CONVERT dates, PascalCase aliases. No JOIN.
-- Source: SupplyChain_Processing_Warehouse
-- Generated from live workspace scan (2026-05-06)
-- ============================================================

-- ---- Staging_Wrk.v_Codatan ----
CREATE VIEW Staging_Wrk.v_Codatan AS
SELECT
    TRIM(ORDNO) AS OrderID, TRIM(ITNBR) AS ItemSKU, TRIM(HOUSE) AS WarehouseCode,
    CAST(ITMSQ AS INT) AS ItemSequenceNum,
    CAST(COQTY AS DECIMAL(12,3)) AS QtyOrdered, CAST(QTYSH AS DECIMAL(12,3)) AS QtyShipped,
    CAST(QTYBO AS DECIMAL(12,3)) AS QtyBackordered,
    CAST(INSAM AS DECIMAL(12,2)) AS AmtExtendedSelling,
    CAST(PRICE AS DECIMAL(12,4)) AS AmtSellingPrice,
    TRY_CONVERT(DATE, CAST(CAST(RQIDT AS BIGINT) AS VARCHAR(20))) AS RequestedDate,
    TRY_CONVERT(DATE, CAST(CAST(MFIDT AS BIGINT) AS VARCHAR(20))) AS ManufacturedDate,
    TRIM(CCUSNO) AS Customer, TRIM(CSHPNO) AS ShipToCode,
    TRIM(ITDSC) AS ItemDescriptionName, TRIM(ITDSI) AS ItemDescriptionShortName,
    CAST(IAFLG AS VARCHAR(200)) AS AllocationFlagCode,
    CAST(NUMLDDTCHG AS INT) AS LoadDateChanges
FROM Enterprise_Lakehouse.Wholesale_Codis_AFI.codatan WHERE ORDNO IS NOT NULL"
SupplyChain_Processing_Warehouse,Staging_Wrk,v_Comast,"-- ---- Staging_Wrk.v_Comast ----
CREATE VIEW Staging_Wrk.v_Comast AS
SELECT TRIM(ORDNO) AS OrderID,
    TRY_CONVERT(DATE, CAST(CAST(ORDTE AS BIGINT) AS VARCHAR(20))) AS OrderDate,
    CAST(SHLTC AS INT) AS LeadTimeDays, TRIM(SHINS) AS ShippingInstructionsName,
    TRIM(ACREC) AS RecordTypeCode
FROM Enterprise_Lakehouse.Wholesale_Codis_AFI.COMAST"
SupplyChain_Processing_Warehouse,Staging_Wrk,v_DemandForecastSnapshotDaily,"
CREATE   VIEW Staging_Wrk.v_DemandForecastSnapshotDaily AS
-- ============================================================
-- Cross-mart cleaned Bronze materialization (2026-05-22).
-- Source: EL.SupplyChain_Enh_1.DemandForecastSnapshotDaily (5.9B rows, dirty with row-dup x16 from Q1 2025)
-- Transform: ROW_NUMBER() OVER (full grain) = 1 dedupe.
-- Consumers: Mart A (ForecastHistory_Enh.v_ForecastDemandMonthly) + Mart B (InventoryHistory_Enh.v_ForecastSnapshotWeekly DA-first Saturday path)
-- Idempotent: if DE US fixes upstream dup, this dedupe becomes no-op (no harm).
-- ============================================================
WITH dedupe AS (
  SELECT 
    dfcItem, dfcWarehouse, dfcFiscalMonth, dfcMainPiece, dfcCollectiveClass,
    dfcResultantForecast, dfcPromotionalLift, dfcForcedForecast,
    dfcValidDemandMonths, dfcSnapshot,
    dfcPermComptQty, dfcUsr25Text, dfcUsr32Text,
    dfcFCSTTypeCode, dfcDerivedFCSTID, dfcDerivedFCSTFctr, dfcOrderFutureQty,
    dfcMgmtCode, usra, dtea, usrc, dtec, DfcCustomerGroups,
    ROW_NUMBER() OVER (
      PARTITION BY dfcItem, dfcWarehouse, dfcFiscalMonth, dfcSnapshot,
                   DfcCustomerGroups, dfcFCSTTypeCode, dfcMgmtCode
      ORDER BY (SELECT NULL)
    ) AS _rn
  FROM [Enterprise_Lakehouse].[SupplyChain_Enh_1].[DemandForecastSnapshotDaily]
)
SELECT 
  dfcItem, dfcWarehouse, dfcFiscalMonth, dfcMainPiece, dfcCollectiveClass,
  dfcResultantForecast, dfcPromotionalLift, dfcForcedForecast,
  dfcValidDemandMonths, dfcSnapshot,
  dfcPermComptQty, dfcUsr25Text, dfcUsr32Text,
  dfcFCSTTypeCode, dfcDerivedFCSTID, dfcDerivedFCSTFctr, dfcOrderFutureQty,
  dfcMgmtCode, usra, dtea, usrc, dtec, DfcCustomerGroups,
  CAST(GETUTCDATE() AS DATETIME2(6)) AS LoadDT
FROM dedupe
WHERE _rn = 1;
"
SupplyChain_Processing_Warehouse,Staging_Wrk,v_DemandInventorySnapshotDailySatClean,"
CREATE   VIEW Staging_Wrk.v_DemandInventorySnapshotDailySatClean AS
-- 2026-05-26: Inventory Daily -> Saturday clean source for Mart B weekly snapshots.
-- Filters Saturday before ROW_NUMBER so we do not materialize/scan all daily snapshots for weekly use.
-- Grain after rn=1: (ItemSku, WarehouseCode, SnapshotDate, FiscalMonth).
WITH source_rows AS (
    SELECT
        CAST(TRIM(dinItem) AS VARCHAR(50)) AS ItemSku,
        CAST(TRIM(dinWarehouse) AS VARCHAR(50)) AS WarehouseCode,
        CAST(dinSnapshot AS DATE) AS SnapshotDate,
        CAST(dinSnapshot AS DATETIME2(6)) AS SnapshotTimestamp,
        CAST(dinFiscalMonth AS INT) AS FiscalMonth,
        CAST(DATEFROMPARTS(CAST(dinFiscalMonth / 100 AS INT), CAST(dinFiscalMonth % 100 AS INT), 1) AS DATE) AS FiscalMonthDate,
        CAST(dinOnHandQuantity AS DECIMAL(18,4)) AS OnHandQty,
        CAST(dinSafetyStock AS DECIMAL(18,4)) AS SafetyStockTarget,
        CAST(dinIOSafetyStock AS DECIMAL(18,4)) AS IOSafetyStock,
        CAST(dinOrderQuantity AS DECIMAL(18,4)) AS OrderQty,
        CAST(dinBuildQuantity AS DECIMAL(18,4)) AS BuildQty,
        CAST(NULL AS VARCHAR(10)) AS ItemStatus,
        CAST('DemandInventorySnapshotDaily' AS VARCHAR(50)) AS SourceLabel,
        CAST('SupplyChain_Enh_1' AS VARCHAR(64)) AS SourceSystem,
        CAST('DemandInventorySnapshotDaily (Sat dedupe)' AS VARCHAR(128)) AS SourceTable,
        CAST(SYSUTCDATETIME() AS DATETIME2(6)) AS LoadDT,
        dtec,
        dtea
    FROM [Enterprise_Lakehouse].[SupplyChain_Enh_1].[DemandInventorySnapshotDaily]
    WHERE dinItem IS NOT NULL AND dinWarehouse IS NOT NULL
      AND TRIM(dinItem) <> '' AND TRIM(dinWarehouse) <> ''
      AND dinFiscalMonth IS NOT NULL
      AND CAST(dinFiscalMonth AS INT) BETWEEN 190001 AND 209912
      AND CAST(dinFiscalMonth AS INT) % 100 BETWEEN 1 AND 12
      AND ((DATEDIFF(day, CAST('19000101' AS DATE), CAST(dinSnapshot AS DATE)) % 7) + 1) = 6
), ranked AS (
    SELECT *,
        ROW_NUMBER() OVER (
            PARTITION BY ItemSku, WarehouseCode, SnapshotDate, FiscalMonth
            ORDER BY SnapshotTimestamp DESC, dtec DESC, dtea DESC
        ) AS rn
    FROM source_rows
)
SELECT
    ItemSku, WarehouseCode, SnapshotDate, FiscalMonth, FiscalMonthDate,
    OnHandQty, SafetyStockTarget, IOSafetyStock, OrderQty, BuildQty,
    ItemStatus, SourceLabel, SourceSystem, SourceTable, LoadDT
FROM ranked
WHERE rn = 1;
"
SupplyChain_Processing_Warehouse,Staging_Wrk,v_Extord,"-- ---- Staging_Wrk.v_Extord ----
CREATE VIEW Staging_Wrk.v_Extord AS
SELECT TRIM(XORDNO) AS OrderID,
    TRY_CONVERT(DATE, CAST(CAST(FRZDAT AS BIGINT) AS VARCHAR(20))) AS FreezeDate,
    TRY_CONVERT(DATE, CAST(CAST(RQSDAT AS BIGINT) AS VARCHAR(20))) AS RequestedShipDate,
    TRIM(ORDARR) AS OrderArrangementCode,
    TRIM(OTTYP1) AS OrderType1Code, TRIM(OTTYP2) AS OrderType2Code,
    TRIM(OTTYP3) AS OrderType3Code, TRIM(OTTYP4) AS OrderType4Code
FROM Enterprise_Lakehouse.Wholesale_Codis_AFI.EXTORD"
SupplyChain_Processing_Warehouse,Staging_Wrk,v_Extorit,"-- ---- Staging_Wrk.v_Extorit ----
CREATE VIEW Staging_Wrk.v_Extorit AS
SELECT TRIM(IORD) AS OrderID, CAST(ISEQ AS INT) AS ItemSequenceNum,
    CAST(IFRGHT AS DECIMAL(12,2)) AS AmtFreight,
    TRY_CONVERT(DATE, CAST(CAST(IPRMDT AS BIGINT) AS VARCHAR(20))) AS PromiseDate
FROM Enterprise_Lakehouse.Wholesale_Codis_AFI.EXTORIT"
SupplyChain_Gold_Warehouse,ForecastAccuracy_DW,v_DimCustomerGrouping,"-- ---- ForecastAccuracy_DW.v_DimCustomerGrouping ----
CREATE VIEW ForecastAccuracy_DW.v_DimCustomerGrouping AS
SELECT DISTINCT CustomerGroupCode, Customer,
    CAST(GETUTCDATE() AS DATETIME2(6)) AS LoadDT
FROM SupplyChain_Processing_Warehouse.ReferenceMaster_Enh.CustomerGrouping
WHERE CustomerGroupCode IS NOT NULL"
SupplyChain_Gold_Warehouse,ForecastAccuracy_DW,v_DimForecastHorizon,"-- ---- ForecastAccuracy_DW.v_DimForecastHorizon ----

CREATE   VIEW ForecastAccuracy_DW.v_DimForecastHorizon AS
SELECT HorizonCode, [Rank], CAST(GETUTCDATE() AS DATETIME2(6)) AS LoadDT
FROM SupplyChain_Processing_Warehouse.ReferenceMaster_Enh.ForecastHorizon"
SupplyChain_Gold_Warehouse,ForecastAccuracy_DW,v_DimProduct,"
CREATE VIEW ForecastAccuracy_DW.v_DimProduct AS
SELECT *
FROM Shared_DW.DimProduct;
"
SupplyChain_Gold_Warehouse,ForecastAccuracy_DW,v_FactForecastActual,"-- ---- ForecastAccuracy_DW.v_FactForecastActual ----
CREATE VIEW ForecastAccuracy_DW.v_FactForecastActual AS
SELECT ItemSKU, WarehouseCode, CustomerGroupCode, FSCMonthFirst, FSCMonthLast,
    CAST('Actual demand' AS VARCHAR(20)) AS HorizonCode, StatusCode, VersionName, CAST(QtyDemand AS FLOAT) AS Qty,
    CAST(GETUTCDATE() AS DATETIME2(6)) AS LoadDT
FROM SupplyChain_Processing_Warehouse.SalesHistory_Enh.ActualDemandMonthly
UNION ALL SELECT ItemSKU, WarehouseCode, CustomerGroupCode, FSCMonthFirst, FSCMonthLast,
    HorizonCode, StatusCode, VersionCode, CAST(QtyForecast AS FLOAT),
    CAST(GETUTCDATE() AS DATETIME2(6))
FROM SupplyChain_Processing_Warehouse.ForecastHistory_Enh.ForecastDemandMonthly
UNION ALL SELECT ItemSKU, WarehouseCode, CustomerGroupCode, FSCMonthFirst, FSCMonthLast,
    CAST('Naive forecast' AS VARCHAR(20)), StatusCode, VersionName, CAST(QtyDemand AS FLOAT),
    CAST(GETUTCDATE() AS DATETIME2(6))
FROM SupplyChain_Processing_Warehouse.ForecastHistory_Enh.NaiveForecastMonthly"
SupplyChain_Gold_Warehouse,ForecastAccuracy_DW,v_FactForecastKpi,"-- ---- ForecastAccuracy_DW.v_FactForecastKpi ----
CREATE   VIEW ForecastAccuracy_DW.v_FactForecastKpi AS
WITH
fc AS (
    SELECT UPPER(TRIM(ItemSKU)) AS i, UPPER(TRIM(WarehouseCode)) AS w,
        CAST(FSCMonthFirst AS DATE) AS mf, CAST(FSCMonthLast AS DATE) AS ml,
        TRIM(HorizonCode) AS h, CAST(Snapshot AS DATE) AS ds,
        CAST(SUM(QtyForecast) AS FLOAT) AS qf
    FROM SupplyChain_Processing_Warehouse.ForecastHistory_Enh.ForecastDemandMonthly
    WHERE HorizonCode IN ('Lag-0','Lag-1','Lag-2','Lag-3','Lag-4','>Lag-4')
    GROUP BY UPPER(TRIM(ItemSKU)), UPPER(TRIM(WarehouseCode)),
        CAST(FSCMonthFirst AS DATE), CAST(FSCMonthLast AS DATE),
        TRIM(HorizonCode), CAST(Snapshot AS DATE)
),
act AS (
    SELECT UPPER(TRIM(ItemSKU)) AS i, UPPER(TRIM(WarehouseCode)) AS w,
        CAST(FSCMonthFirst AS DATE) AS mf, CAST(FSCMonthLast AS DATE) AS ml,
        CAST(SUM(QtyDemand) AS FLOAT) AS qa
    FROM SupplyChain_Processing_Warehouse.SalesHistory_Enh.ActualDemandMonthly
    GROUP BY UPPER(TRIM(ItemSKU)), UPPER(TRIM(WarehouseCode)),
        CAST(FSCMonthFirst AS DATE), CAST(FSCMonthLast AS DATE)
),
nv AS (
    SELECT UPPER(TRIM(ItemSKU)) AS i, UPPER(TRIM(WarehouseCode)) AS w,
        CAST(FSCMonthFirst AS DATE) AS mf, CAST(FSCMonthLast AS DATE) AS ml,
        CAST(SUM(QtyDemand) AS FLOAT) AS qn
    FROM SupplyChain_Processing_Warehouse.ForecastHistory_Enh.NaiveForecastMonthly
    GROUP BY UPPER(TRIM(ItemSKU)), UPPER(TRIM(WarehouseCode)),
        CAST(FSCMonthFirst AS DATE), CAST(FSCMonthLast AS DATE)
),
dk AS (
    SELECT i, w, mf, ml FROM fc
    UNION SELECT i, w, mf, ml FROM act
    UNION SELECT i, w, mf, ml FROM nv
),
sp AS (
    SELECT K.i, K.w, K.mf, K.ml, H.HorizonCode AS h
    FROM dk K
    CROSS JOIN SupplyChain_Processing_Warehouse.ReferenceMaster_Enh.ForecastHorizon H
)
SELECT
    sp.i AS ItemSKU,
    sp.w AS WarehouseCode,
    sp.mf AS FSCMonthFirst,
    sp.ml AS FSCMonthLast,
    sp.h AS HorizonCode,
    fc.ds AS Snapshot,

    -- Quantities (existing 3)
    CAST(fc.qf AS FLOAT)            AS QtyForecast,
    CAST(act.qa AS FLOAT)           AS QtyActual,
    CAST(nv.qn AS FLOAT)            AS QtyNaiveForecast,

    -- Forecast error (existing 2)
    CAST(COALESCE(fc.qf,0) - COALESCE(act.qa,0) AS FLOAT)
                                    AS QtyFcstError,
    CAST(ABS(COALESCE(fc.qf,0) - COALESCE(act.qa,0)) AS FLOAT)
                                    AS QtyAbsFcstError,

    -- ── NEW: Naive forecast error (2 cols) ──
    CAST(COALESCE(nv.qn,0) - COALESCE(act.qa,0) AS FLOAT)
                                    AS QtyNaiveFcstError,
    CAST(ABS(COALESCE(nv.qn,0) - COALESCE(act.qa,0)) AS FLOAT)
                                    AS QtyAbsNaiveFcstError,

    -- ── NEW: Squared error components for RMSE (2 cols) ──
    CAST(POWER(COALESCE(fc.qf,0) - COALESCE(act.qa,0), 2) AS FLOAT)
                                    AS QtySquaredFcstError,
    CAST(POWER(COALESCE(nv.qn,0) - COALESCE(act.qa,0), 2) AS FLOAT)
                                    AS QtySquaredNaiveFcstError,

    -- ── NEW: Validity flags (2 cols) ──
    CAST(CASE WHEN act.qa IS NOT NULL AND fc.qf IS NOT NULL THEN 1 ELSE 0 END AS INT)
                                    AS ValidObsFlag,
    CAST(CASE WHEN act.qa IS NOT NULL AND act.qa <> 0       THEN 1 ELSE 0 END AS INT)
                                    AS ValidActualNonzeroFlag,

    -- ── NEW: Absolute percentage error (MAPE component) (1 col) ──
    CAST(CASE
        WHEN act.qa IS NOT NULL AND act.qa <> 0
            THEN ABS((COALESCE(fc.qf,0) - act.qa) / act.qa)
        ELSE NULL
    END AS FLOAT)                   AS AbsPctError,

    -- Audit
    CAST(GETUTCDATE() AS DATETIME2(6)) AS LoadDT

FROM sp
LEFT JOIN fc  ON sp.i=fc.i  AND sp.w=fc.w  AND sp.mf=fc.mf  AND sp.ml=fc.ml AND sp.h=fc.h
LEFT JOIN act ON sp.i=act.i AND sp.w=act.w AND sp.mf=act.mf AND sp.ml=act.ml
LEFT JOIN nv  ON sp.i=nv.i  AND sp.w=nv.w  AND sp.mf=nv.mf  AND sp.ml=nv.ml;"
SupplyChain_Gold_Warehouse,InventoryHealth_DW,v_CogsRollingHelper,"
CREATE   VIEW InventoryHealth_DW.v_CogsRollingHelper AS
WITH _CostCurrent AS (
    SELECT ItemSku, CostId, StandardCost, ItemRevision
    FROM (
        SELECT
            TRIM(ITNBR)                          AS ItemSku,
            TRIM(STID)                           AS CostId,
            CAST(UCDEF AS DECIMAL(18,4))         AS StandardCost,
            CAST(ITRV  AS VARCHAR(20))           AS ItemRevision,
            ROW_NUMBER() OVER (PARTITION BY TRIM(STID), TRIM(ITNBR) ORDER BY ITRV DESC) AS rn
        FROM [Enterprise_Lakehouse].[ItemMaster_AFI].[ITMRVA]
        WHERE STID IS NOT NULL AND ITNBR IS NOT NULL
          AND TRIM(STID) = '000' AND TRIM(ITNBR) <> ''
    ) ranked
    WHERE ranked.rn = 1
),
monthly AS (
    SELECT
        CAST(TRIM(s.ItemSKU) AS VARCHAR(50)) AS ItemSku,
        s.WarehouseCode,
        d.FSCMonthYearNum AS FiscalMonthYear,
        SUM(s.QtyShipped * ISNULL(c.StandardCost, 0)) AS PeriodCogs,
        SUM(s.QtyShipped) AS PeriodShippedQty
    FROM [SupplyChain_Processing_Warehouse].[SalesHistory_Enh].[v_InvoiceDetailLineLevel] s
    JOIN [SupplyChain_Gold_Warehouse].[Shared_DW].[DimCalendar] d
         ON d.[Date] = s.InvoiceDate
    LEFT JOIN _CostCurrent c
         ON c.ItemSku = s.ItemSKU
    GROUP BY s.ItemSKU, s.WarehouseCode, d.FSCMonthYearNum
)
SELECT
    CAST(ItemSku           AS VARCHAR(50))   AS ItemSku,
    CAST(WarehouseCode     AS VARCHAR(50))   AS WarehouseCode,
    CAST(FiscalMonthYear   AS INT)           AS FiscalMonthYear,
    CAST(PeriodCogs        AS DECIMAL(18,4)) AS PeriodCogs,
    CAST(PeriodShippedQty  AS DECIMAL(18,4)) AS PeriodShippedQty,
    CAST(SUM(PeriodCogs) OVER (
        PARTITION BY ItemSku, WarehouseCode
        ORDER BY FiscalMonthYear
        ROWS BETWEEN 11 PRECEDING AND CURRENT ROW
    ) AS DECIMAL(18,4)) AS Cogs12M,
    CAST(SUM(PeriodCogs) OVER (
        PARTITION BY ItemSku, WarehouseCode
        ORDER BY FiscalMonthYear
        ROWS BETWEEN 51 PRECEDING AND CURRENT ROW
    ) AS DECIMAL(18,4)) AS Cogs52M
FROM monthly
"
SupplyChain_Gold_Warehouse,InventoryHealth_DW,v_DimItem,"
CREATE VIEW InventoryHealth_DW.v_DimItem AS
SELECT
    CAST(p.ItemSKU                   AS VARCHAR(50))    AS ItemSku,
    CAST(p.ItemDescription           AS VARCHAR(200))   AS ItemDescription,
    CAST(p.ItemClassCode             AS VARCHAR(50))    AS ItemClassCode,
    CAST(p.ItemClassName             AS VARCHAR(100))   AS ItemClassName,
    CAST(p.CategoryName              AS VARCHAR(100))   AS CategoryName,
    CAST(p.CategoryCode              AS VARCHAR(50))    AS CategoryCode,
    CAST(p.CollectiveClass           AS VARCHAR(50))    AS CollectiveClass,
    CAST(p.SeriesNumber              AS VARCHAR(50))    AS SeriesNumber,
    CAST(p.SeriesName                AS VARCHAR(100))   AS SeriesName,
    CAST(p.AfiItemStatus             AS VARCHAR(10))    AS AfiItemStatus,
    CAST(p.LifecycleStatus           AS VARCHAR(20))    AS LifecycleStatus,
    CAST(p.PrimaryVendorNumber       AS VARCHAR(50))    AS PrimaryVendorNumber,
    CAST(p.PrimaryVendorDisplayName  AS VARCHAR(200))   AS PrimaryVendorName,
    CAST(p.Cubes                     AS DECIMAL(18,4))  AS Cubes,
    CAST(p.FOBArcPrice               AS DECIMAL(18,4))  AS FobArcPrice,
    CAST(p.IsFinishedGoodsItem       AS BIT)            AS IsFinishedGoodsItem,
    CAST(p.DiscontinuedFlag          AS BIT)            AS DiscontinuedFlag,
    CAST(p.NewItemFlag               AS BIT)            AS NewItemFlag,
    CAST(p.StatusCodeChangeDate      AS DATE)           AS StatusCodeChangeDate,
    CAST(p.UnavailableFlag           AS BIT)            AS UnavailableFlag
FROM Shared_DW.DimProduct p;
"
SupplyChain_Gold_Warehouse,InventoryHealth_DW,v_DimVendor,"-- ---- InventoryHealth_DW.v_DimVendor ----
CREATE VIEW InventoryHealth_DW.v_DimVendor AS
SELECT
    CAST(v.VendorNumber  AS VARCHAR(50))   AS VendorNumber,
    CAST(v.VendorName    AS VARCHAR(200))  AS VendorName
FROM [SupplyChain_Processing_Warehouse].[ReferenceMaster_Enh].[Vendor] v
WHERE v.VendorNumber IS NOT NULL"
SupplyChain_Gold_Warehouse,InventoryHealth_DW,v_FactInventoryHealthSnapshot,"
CREATE   VIEW InventoryHealth_DW.v_FactInventoryHealthSnapshot AS
WITH _InventoryCurrent AS (
    SELECT
        CAST(TRIM(b.ITNBR)              AS VARCHAR(50))   AS ItemSku,
        CAST(TRIM(b.HOUSE)              AS VARCHAR(50))   AS WarehouseCode,
        CAST(b.MOHTQ                    AS DECIMAL(18,4)) AS OnHandQty,
        CAST(TRIM(b.ITCLS)              AS VARCHAR(50))   AS ItemClassCode,
        CAST(CAST(SYSUTCDATETIME() AS DATE) AS DATE)      AS SnapshotDate
    FROM [Enterprise_Lakehouse].[ItemMaster_AFI].[ITEMBL] b
    WHERE b.ITNBR IS NOT NULL AND b.HOUSE IS NOT NULL
      AND TRIM(b.ITNBR) <> '' AND TRIM(b.HOUSE) <> ''
      AND LEFT(TRIM(b.ITCLS),1) = 'Z' AND RIGHT(TRIM(b.ITCLS),1) = 'K'
      AND TRIM(b.HOUSE) NOT IN ('C','CNW','AF','IOR','C35','55','MAX')
),
_CostCurrent AS (
    SELECT ItemSku, CostId, StandardCost, ItemRevision
    FROM (
        SELECT
            TRIM(ITNBR) AS ItemSku, TRIM(STID) AS CostId,
            CAST(UCDEF AS DECIMAL(18,4)) AS StandardCost,
            CAST(ITRV AS VARCHAR(20)) AS ItemRevision,
            ROW_NUMBER() OVER (PARTITION BY TRIM(STID), TRIM(ITNBR) ORDER BY ITRV DESC) AS rn
        FROM [Enterprise_Lakehouse].[ItemMaster_AFI].[ITMRVA]
        WHERE STID IS NOT NULL AND ITNBR IS NOT NULL
          AND TRIM(STID) = '000' AND TRIM(ITNBR) <> ''
    ) ranked
    WHERE ranked.rn = 1
),
weekly_base AS (
    SELECT
        iw.SnapshotWeekEndingDate AS SnapshotDate,
        iw.ItemSku,
        iw.WarehouseCode,
        MAX(iw.OnHandQty) AS OnHandQty
    FROM [SupplyChain_Processing_Warehouse].[InventoryHistory_Enh].[InventorySnapshotWeekly] iw
    JOIN [SupplyChain_Gold_Warehouse].[Shared_DW].[DimCalendar] d
         ON d.[Date] = iw.SnapshotWeekEndingDate
    WHERE iw.FiscalMonth = d.FSCMonthYearNum
    GROUP BY iw.SnapshotWeekEndingDate, iw.ItemSku, iw.WarehouseCode
),
base AS (
    SELECT
        CAST('Current' AS VARCHAR(10)) AS SnapshotType,
        ic.SnapshotDate,
        ic.ItemSku, ic.WarehouseCode,
        ic.OnHandQty,
        CAST('ItemMaster_AFI' AS VARCHAR(64)) AS SourceSystem,
        CAST('ITEMBL' AS VARCHAR(128)) AS SourceTable
    FROM _InventoryCurrent ic
    WHERE ic.SnapshotDate = CAST(SYSUTCDATETIME() AS DATE)
    UNION ALL
    SELECT
        CAST('Weekly' AS VARCHAR(10)),
        wb.SnapshotDate,
        wb.ItemSku, wb.WarehouseCode,
        wb.OnHandQty,
        CAST('SupplyChain_Enh_1' AS VARCHAR(64)),
        CAST('DemandInventorySnapshotWeekly' AS VARCHAR(128))
    FROM weekly_base wb
),
po_curr AS (
    SELECT ItemSku, WarehouseCode, SUM(POOnOrderQty) AS POOnOrderQty, SUM(POInTransitQty) AS POInTransitQty
    FROM [SupplyChain_Processing_Warehouse].[InventoryHistory_Enh].[PurchaseOrderSnapshotDaily]
    WHERE SnapshotDate = (SELECT MAX(SnapshotDate) FROM [SupplyChain_Processing_Warehouse].[InventoryHistory_Enh].[PurchaseOrderSnapshotDaily])
    GROUP BY ItemSku, WarehouseCode
),
po_snap AS (
    SELECT SnapshotDate, ItemSku, WarehouseCode, SUM(POOnOrderQty) AS POOnOrderQty, SUM(POInTransitQty) AS POInTransitQty
    FROM [SupplyChain_Processing_Warehouse].[InventoryHistory_Enh].[PurchaseOrderSnapshotDaily]
    GROUP BY SnapshotDate, ItemSku, WarehouseCode
),
mo_curr AS (
    SELECT ItemSku, WarehouseCode, SUM(MOOnOrderQty) AS MOOnOrderQty
    FROM [SupplyChain_Processing_Warehouse].[InventoryHistory_Enh].[ManufacturingOrderSnapshotDaily]
    WHERE SnapshotDate = (SELECT MAX(SnapshotDate) FROM [SupplyChain_Processing_Warehouse].[InventoryHistory_Enh].[ManufacturingOrderSnapshotDaily])
    GROUP BY ItemSku, WarehouseCode
),
mo_snap AS (
    SELECT SnapshotDate, ItemSku, WarehouseCode, SUM(MOOnOrderQty) AS MOOnOrderQty
    FROM [SupplyChain_Processing_Warehouse].[InventoryHistory_Enh].[ManufacturingOrderSnapshotDaily]
    GROUP BY SnapshotDate, ItemSku, WarehouseCode
),
hold_snap AS (
    SELECT SnapshotDate, ItemSku, WarehouseCode, SUM(TransferQty) AS OnHoldQty, SUM(TransferCube) AS OnHoldCube
    FROM [SupplyChain_Processing_Warehouse].[InventoryHistory_Enh].[HoldingTransferSnapshotDaily]
    GROUP BY SnapshotDate, ItemSku, WarehouseCode
),
hold_curr AS (
    SELECT ItemSku, WarehouseCode, SUM(TransferQty) AS OnHoldQty, SUM(TransferCube) AS OnHoldCube
    FROM [SupplyChain_Processing_Warehouse].[InventoryHistory_Enh].[HoldingTransferSnapshotDaily]
    WHERE SnapshotDate = (SELECT MAX(SnapshotDate) FROM [SupplyChain_Processing_Warehouse].[InventoryHistory_Enh].[HoldingTransferSnapshotDaily])
    GROUP BY ItemSku, WarehouseCode
),
ti_curr AS (
    SELECT
        TRIM(b.ITNBR) AS ItemSku,
        TRIM(w.WarehouseCode) AS WarehouseCode,
        SUM(CAST(b.MOHTQ AS DECIMAL(18,4))) AS TransferInInTransitQty
    FROM [Enterprise_Lakehouse].[ItemMaster_AFI].[ITEMBL] b
    JOIN [SupplyChain_Gold_Warehouse].[Shared_DW].[DimWarehouse] w
         ON TRIM(w.IntransitWarehouseCode) = TRIM(b.HOUSE)
    WHERE b.ITNBR IS NOT NULL AND b.HOUSE IS NOT NULL
      AND TRIM(b.ITNBR) <> '' AND TRIM(b.HOUSE) <> ''
      AND TRIM(b.HOUSE) IN ('A','B','L','N','T','F','E','W','M','V','S')
      AND TRIM(w.WarehouseCode) IN ('1','5','15','17','28','335','42','ECR','3','12','16','19')
    GROUP BY TRIM(b.ITNBR), TRIM(w.WarehouseCode)
),
ivc_monthly AS (
    SELECT DISTINCT
        b.ItemSku, b.WarehouseCode, d.FSCMonthYearNum AS FiscalMonthYear,
        ISNULL(b.OnHandQty,0) * ISNULL(cc.StandardCost,0) AS InventoryValueAtCost
    FROM base b
    JOIN [SupplyChain_Gold_Warehouse].[Shared_DW].[DimCalendar] d
         ON d.[Date] = b.SnapshotDate
    LEFT JOIN _CostCurrent cc ON cc.ItemSku = b.ItemSku
    WHERE d.[Date] = (
        SELECT MAX(d2.[Date])
        FROM [SupplyChain_Gold_Warehouse].[Shared_DW].[DimCalendar] d2
        WHERE d2.FSCMonthYearNum = d.FSCMonthYearNum
    )
),
avg_ivc12 AS (
    SELECT ItemSku, WarehouseCode, FiscalMonthYear,
        AVG(InventoryValueAtCost) OVER (PARTITION BY ItemSku, WarehouseCode ORDER BY FiscalMonthYear ROWS BETWEEN 11 PRECEDING AND CURRENT ROW) AS AvgInvValue12M
    FROM ivc_monthly
)
SELECT
    CAST(b.ItemSku AS VARCHAR(50)) AS ItemSku,
    CAST(b.WarehouseCode AS VARCHAR(50)) AS WarehouseCode,
    CAST(b.SnapshotDate AS DATE) AS SnapshotDate,
    CAST(b.SnapshotType AS VARCHAR(10)) AS SnapshotType,
    CAST(d.FSCWeekLast AS DATE) AS WeekEndingDate,
    CAST(d.DateSK AS INT) AS DateKey,
    CAST(d.FSCMonthNum AS INT) AS FiscalMonth,
    CAST(d.FSCMonthYearNum AS INT) AS FiscalMonthYear,
    CAST(CASE WHEN b.SnapshotType = 'Current' THEN 1 ELSE 0 END AS BIT) AS IsLatestSnapshot,
    CAST(b.SourceSystem AS VARCHAR(64)) AS SourceSystem,
    CAST(b.SourceTable AS VARCHAR(128)) AS SourceTable,
    CAST(1 AS BIGINT) AS RuleVersionKey,
    CAST(ISNULL(b.OnHandQty, 0) AS DECIMAL(18,4)) AS OnHandQty,
    CAST(ISNULL(ti.TransferInInTransitQty, 0) AS DECIMAL(18,4)) AS TransferInInTransitQty,
    CAST(ISNULL(b.OnHandQty, 0) + ISNULL(ti.TransferInInTransitQty, 0) AS DECIMAL(18,4)) AS TotalAvailableQty,
    CAST(CASE WHEN b.SnapshotType = 'Current' THEN ISNULL(pc.POInTransitQty, 0) ELSE ISNULL(ps.POInTransitQty, 0) END AS DECIMAL(18,4)) AS POInTransitQty,
    CAST(CASE WHEN b.SnapshotType = 'Current' THEN ISNULL(pc.POOnOrderQty, 0) ELSE ISNULL(ps.POOnOrderQty, 0) END AS DECIMAL(18,4)) AS POOnOrderQty,
    CAST(CASE WHEN b.SnapshotType = 'Current' THEN ISNULL(mc.MOOnOrderQty, 0) ELSE ISNULL(ms.MOOnOrderQty, 0) END AS DECIMAL(18,4)) AS MOOnOrderQty,
    CAST(ISNULL(ti.TransferInInTransitQty,0) + CASE WHEN b.SnapshotType='Current' THEN ISNULL(pc.POInTransitQty,0) ELSE ISNULL(ps.POInTransitQty,0) END AS DECIMAL(18,4)) AS InTransitQty,
    CAST(CASE WHEN b.SnapshotType='Current' THEN ISNULL(pc.POOnOrderQty,0) + ISNULL(mc.MOOnOrderQty,0) ELSE ISNULL(ps.POOnOrderQty,0) + ISNULL(ms.MOOnOrderQty,0) END AS DECIMAL(18,4)) AS OnOrderQty,
    CAST(awd.ThreeMoForecastQty AS DECIMAL(18,4)) AS ThreeMoForecastQty,
    CAST(awd.ThreeMoDependentDemandQty AS DECIMAL(18,4)) AS ThreeMoDependentDemandQty,
    CAST(awd.DailyFcstQty AS DECIMAL(18,4)) AS DailyFcstQty,
    CAST(awd.DependentDemandDailyQty AS DECIMAL(18,4)) AS DependentDemandDailyQty,
    CAST(awd.TotalDemandDailyQty AS DECIMAL(18,4)) AS TotalDemandDailyQty,
    CAST(awd.AwdDailyQty AS DECIMAL(18,4)) AS AwdDailyQty,
    CAST(awd.AwdQty AS DECIMAL(18,4)) AS AwdQty,
    CAST(awd.AwdSource AS VARCHAR(20)) AS AwdSource,
    CAST(CASE WHEN awd.AwdQty > 0 THEN b.OnHandQty / awd.AwdQty END AS DECIMAL(18,4)) AS WeeksOfSupply,
    CAST(CASE WHEN awd.AwdDailyQty > 0 THEN b.OnHandQty / awd.AwdDailyQty END AS DECIMAL(18,4)) AS DaysOfSupply,
    CAST(ss.SafetyStockTarget AS DECIMAL(18,4)) AS SafetyStockTargetQty,
    CAST(ss.SafetyStockSource AS VARCHAR(30)) AS SafetyStockSource,
    CAST(CASE WHEN ss.SafetyStockTarget > 0 THEN b.OnHandQty / ss.SafetyStockTarget END AS DECIMAL(18,4)) AS SafetyStockMultiple,
    CAST(CASE
        WHEN dim.AfiItemStatus IN ('D','R')
         AND (ISNULL(b.OnHandQty,0) + CASE WHEN b.SnapshotType='Current' THEN ISNULL(pc.POOnOrderQty,0) ELSE ISNULL(ps.POOnOrderQty,0) END + CASE WHEN b.SnapshotType='Current' THEN ISNULL(mc.MOOnOrderQty,0) ELSE ISNULL(ms.MOOnOrderQty,0) END) = 0 THEN 'Inactive'
        WHEN ss.SafetyStockTarget > 0 AND b.OnHandQty <= 0.5 * ss.SafetyStockTarget THEN 'Below Target'
        WHEN ss.SafetyStockTarget > 0 AND b.OnHandQty <= 1.5 * ss.SafetyStockTarget THEN 'Sweet Spot'
        WHEN awd.AwdQty > 0 AND b.OnHandQty <= 17  * awd.AwdQty THEN 'Over Target'
        WHEN awd.AwdQty > 0 AND b.OnHandQty <= 52  * awd.AwdQty THEN 'Excess'
        WHEN awd.AwdQty > 0 AND b.OnHandQty <= 104 * awd.AwdQty THEN 'Aggressive Excess'
        ELSE 'TB Inventory'
    END AS VARCHAR(30)) AS InventoryClassification,
    CAST(cc.StandardCost AS DECIMAL(18,4)) AS StandardCost,
    CAST(dim.FOBArcPrice AS DECIMAL(18,4)) AS FobArcPrice,
    CAST(dim.Cubes AS DECIMAL(18,4)) AS Cubes,
    CAST(ISNULL(b.OnHandQty,0) * ISNULL(cc.StandardCost,0) AS DECIMAL(18,4)) AS InventoryValueAtCost,
    CAST(ISNULL(b.OnHandQty,0) * ISNULL(dim.FOBArcPrice,0) AS DECIMAL(18,4)) AS InventoryValueAtRevenue,
    CAST(ISNULL(b.OnHandQty,0) * ISNULL(dim.Cubes,0) AS DECIMAL(18,4)) AS UsedStorageCube,
    CAST(coh.PeriodCogs AS DECIMAL(18,4)) AS PeriodCogs,
    CAST(coh.Cogs52M AS DECIMAL(18,4)) AS Cogs52M,
    CAST(coh.Cogs12M AS DECIMAL(18,4)) AS Cogs12M,
    CAST(aiv.AvgInvValue12M AS DECIMAL(18,4)) AS AverageInventoryValueAtCost,
    CAST(lh.LastInvoiceDate AS DATE) AS LastInvoiceDate,
    CAST(dim.LifecycleStatus AS VARCHAR(20)) AS LifecycleStatus,
    CAST(CASE WHEN dim.AfiItemStatus IN ('D','R') AND (ISNULL(b.OnHandQty,0) + CASE WHEN b.SnapshotType='Current' THEN ISNULL(pc.POOnOrderQty,0) ELSE ISNULL(ps.POOnOrderQty,0) END + CASE WHEN b.SnapshotType='Current' THEN ISNULL(mc.MOOnOrderQty,0) ELSE ISNULL(ms.MOOnOrderQty,0) END) = 0 THEN 1 ELSE 0 END AS BIT) AS InactiveFlag,
    CAST(CASE WHEN dim.AfiItemStatus <> 'N' AND lh.LastInvoiceDate IS NOT NULL AND lh.LastInvoiceDate < DATEADD(week, -17, b.SnapshotDate) THEN 1 ELSE 0 END AS BIT) AS SlobFlag,
    CAST(CASE WHEN ISNULL(mf.HasMovementLast17W, 0) = 0 THEN 1 ELSE 0 END AS BIT) AS NoMovementFlag,
    CAST(dim.UnavailableFlag AS BIT) AS UnavailableFlag,
    CAST(CASE WHEN b.SnapshotType='Current' THEN ISNULL(hc.OnHoldQty, 0) ELSE ISNULL(hs.OnHoldQty, 0) END AS DECIMAL(18,4)) AS OnHoldQty,
    CAST(CASE WHEN (CASE WHEN b.SnapshotType='Current' THEN ISNULL(hc.OnHoldQty,0) ELSE ISNULL(hs.OnHoldQty,0) END) > 0 THEN 1 ELSE 0 END AS BIT) AS OnHoldFlag,
    CAST(CASE WHEN dim.AfiItemStatus <> 'N' AND lh.LastInvoiceDate IS NOT NULL AND lh.LastInvoiceDate < DATEADD(week, -17, b.SnapshotDate) THEN ISNULL(b.OnHandQty,0) * ISNULL(cc.StandardCost,0) ELSE 0 END AS DECIMAL(18,4)) AS ObsoleteValue
FROM base b
LEFT JOIN [SupplyChain_Gold_Warehouse].[Shared_DW].[DimCalendar] d ON d.[Date] = b.SnapshotDate
LEFT JOIN [SupplyChain_Gold_Warehouse].[Shared_DW].[DimProduct] dim ON dim.ItemSKU = b.ItemSku
LEFT JOIN _CostCurrent cc ON cc.ItemSku = b.ItemSku
LEFT JOIN ti_curr ti ON ti.ItemSku=b.ItemSku AND ti.WarehouseCode=b.WarehouseCode
LEFT JOIN po_curr pc ON pc.ItemSku=b.ItemSku AND pc.WarehouseCode=b.WarehouseCode
LEFT JOIN po_snap ps ON ps.ItemSku=b.ItemSku AND ps.WarehouseCode=b.WarehouseCode AND ps.SnapshotDate=b.SnapshotDate
LEFT JOIN mo_curr mc ON mc.ItemSku=b.ItemSku AND mc.WarehouseCode=b.WarehouseCode
LEFT JOIN mo_snap ms ON ms.ItemSku=b.ItemSku AND ms.WarehouseCode=b.WarehouseCode AND ms.SnapshotDate=b.SnapshotDate
LEFT JOIN hold_curr hc ON hc.ItemSku=b.ItemSku AND hc.WarehouseCode=b.WarehouseCode
LEFT JOIN hold_snap hs ON hs.ItemSku=b.ItemSku AND hs.WarehouseCode=b.WarehouseCode AND hs.SnapshotDate=b.SnapshotDate
LEFT JOIN [SupplyChain_Processing_Warehouse].[InventoryHistory_Enh].[AwdHelper] awd ON awd.ItemSku=b.ItemSku AND awd.WarehouseCode=b.WarehouseCode AND awd.AsOfDate=b.SnapshotDate
LEFT JOIN [SupplyChain_Processing_Warehouse].[InventoryHistory_Enh].[LastInvoiceHelper] lh ON lh.ItemSku=b.ItemSku AND lh.WarehouseCode=b.WarehouseCode AND lh.AsOfDate=b.SnapshotDate
LEFT JOIN [SupplyChain_Processing_Warehouse].[InventoryHistory_Enh].[MovementFlagHelper] mf ON mf.ItemSku=b.ItemSku AND mf.WarehouseCode=b.WarehouseCode AND mf.AsOfDate=b.SnapshotDate
LEFT JOIN [SupplyChain_Processing_Warehouse].[InventoryHistory_Enh].[SafetyStockHelper] ss ON ss.ItemSku=b.ItemSku AND ss.WarehouseCode=b.WarehouseCode AND ss.AsOfDate=b.SnapshotDate
LEFT JOIN [SupplyChain_Gold_Warehouse].[InventoryHealth_DW].[CogsRollingHelper] coh ON coh.ItemSku=b.ItemSku AND coh.WarehouseCode=b.WarehouseCode AND coh.FiscalMonthYear=d.FSCMonthYearNum
LEFT JOIN avg_ivc12 aiv ON aiv.ItemSku=b.ItemSku AND aiv.WarehouseCode=b.WarehouseCode AND aiv.FiscalMonthYear=d.FSCMonthYearNum
"
SupplyChain_Gold_Warehouse,InventoryHealth_DW,v_FactInventoryRiskForward,"CREATE   VIEW InventoryHealth_DW.v_FactInventoryRiskForward AS
WITH _SupplyPlan AS (
    SELECT
        CAST(TRIM(spdItem) AS VARCHAR(50)) AS ItemSku,
        CAST(TRIM(spdWarehouse) AS VARCHAR(50)) AS WarehouseCode,
        CAST(dtea AS DATE) AS SnapshotDate,
        CAST(spdWeekEnding AS DATE) AS WeekEndingDate,
        CAST(spdBeginingBalance AS DECIMAL(18,4)) AS BeginningBalanceQty,
        CAST(spdFirmDemands AS DECIMAL(18,4)) AS FirmDemandQty,
        CAST(spdNetForecast AS DECIMAL(18,4)) AS NetForecastQty,
        CAST(spdFirmPurchaseOrders AS DECIMAL(18,4)) AS FirmPurchaseOrderQty,
        CAST(spdPlannedPurchaseOrders AS DECIMAL(18,4)) AS PlannedPurchaseOrderQty,
        CAST(spdOnOrderTransferIn AS DECIMAL(18,4)) AS OnOrderTransferInQty,
        CAST(spdShippableInventory AS DECIMAL(18,4)) AS ShippableInventoryQty,
        CAST(spdSafetyStock AS DECIMAL(18,4)) AS SafetyStockTargetQty,
        CAST(spdMonthsOfSupply AS DECIMAL(18,4)) AS MonthsOfSupply,
        CAST(CASE WHEN spdShippableInventory < 0 THEN ABS(CAST(spdShippableInventory AS DECIMAL(18,4))) ELSE 0 END AS DECIMAL(18,4)) AS SINegQty
    FROM [Enterprise_Lakehouse].[Wholesale_DemandPlanning_AFI].[SupplyPlanDetail]
    WHERE spdItem IS NOT NULL AND spdWarehouse IS NOT NULL
      AND TRIM(spdItem) <> '' AND TRIM(spdWarehouse) <> ''
),
_AllocatedDemandCandidate AS (
    SELECT
        CAST(TRIM(d.ItemSKU) AS VARCHAR(50)) AS ItemSku,
        CAST(TRIM(d.Warehouse) AS VARCHAR(50)) AS WarehouseCode,
        CAST(c.FSCWeekLast AS DATE) AS PromiseWeekEndingDate,
        CAST(d.QuantityBackOrdered AS DECIMAL(18,4)) AS AllocatedDemandQty
    FROM [Enterprise_Lakehouse].[CustomerOrders_AFI].[OpenOrderDetail] d
    JOIN [SupplyChain_Gold_Warehouse].[Shared_DW].[DimCalendar] c ON c.[Date] = d.PromiseDate
    WHERE CAST(d.ItemAllocationFlag AS DECIMAL(18,4)) = 2
      AND ISNULL(CAST(d.QuantityShipped AS DECIMAL(18,4)), 0) = 0
      AND d.ItemSKU IS NOT NULL AND d.Warehouse IS NOT NULL
      AND d.PromiseDate IS NOT NULL
      AND TRIM(d.ItemSKU) <> '' AND TRIM(d.Warehouse) <> ''
),
alloc AS (
    SELECT ItemSku, WarehouseCode, PromiseWeekEndingDate, SUM(AllocatedDemandQty) AS AllocatedDemandQty
    FROM _AllocatedDemandCandidate
    GROUP BY ItemSku, WarehouseCode, PromiseWeekEndingDate
)
SELECT
    CAST(lp.ItemSku AS VARCHAR(50)) AS ItemSku,
    CAST(lp.WarehouseCode AS VARCHAR(50)) AS WarehouseCode,
    CAST(lp.WeekEndingDate AS DATE) AS WeekEndingDate,
    CAST(d.DateSK AS INT) AS DateKey,
    CAST(lp.BeginningBalanceQty AS DECIMAL(18,4)) AS BeginningBalanceQty,
    CAST(lp.FirmDemandQty AS DECIMAL(18,4)) AS FirmDemandQty,
    CAST(lp.NetForecastQty AS DECIMAL(18,4)) AS NetForecastQty,
    CAST(lp.FirmPurchaseOrderQty AS DECIMAL(18,4)) AS FirmPurchaseOrderQty,
    CAST(lp.PlannedPurchaseOrderQty AS DECIMAL(18,4)) AS PlannedPurchaseOrderQty,
    CAST(lp.OnOrderTransferInQty AS DECIMAL(18,4)) AS OnOrderTransferInQty,
    CAST(lp.ShippableInventoryQty AS DECIMAL(18,4)) AS ShippableInventoryQty,
    CAST(lp.SafetyStockTargetQty AS DECIMAL(18,4)) AS SafetyStockTargetQty,
    CAST(lp.MonthsOfSupply AS DECIMAL(18,4)) AS MonthsOfSupply,
    CAST(lp.FirmDemandQty * (14.0/7.0) AS DECIMAL(18,4)) AS ExpectedDemand14DQty,
    CAST((lp.FirmPurchaseOrderQty + lp.OnOrderTransferInQty) * (14.0/7.0) AS DECIMAL(18,4)) AS Inbound14DQty,
    CAST(ISNULL(al.AllocatedDemandQty, 0) AS DECIMAL(18,4)) AS AllocatedDemandQty,
    CAST(CASE WHEN lp.ShippableInventoryQty > 0 THEN 1 ELSE 0 END AS BIT) AS ShippableInStockFlag,
    CAST(lp.SINegQty AS DECIMAL(18,4)) AS SINegQty,
    CAST(lp.SINegQty * ISNULL(dim.FOBArcPrice, 0) AS DECIMAL(18,4)) AS RevenueAtRiskValue,
    CAST(CASE WHEN lp.WeekEndingDate = (DATEADD(day, ((7 - DATEPART(weekday, SYSUTCDATETIME()) + 7) % 7) + 28, CAST(SYSUTCDATETIME() AS DATE))) THEN 1 ELSE 0 END AS BIT) AS WeekFourFlag,
    CAST(dim.FOBArcPrice AS DECIMAL(18,4)) AS FobArcPrice,
    CAST(1 AS BIGINT) AS RuleVersionKey
FROM _SupplyPlan lp
LEFT JOIN [SupplyChain_Gold_Warehouse].[Shared_DW].[DimCalendar] d ON d.[Date] = lp.WeekEndingDate
LEFT JOIN [SupplyChain_Gold_Warehouse].[Shared_DW].[DimProduct] dim ON dim.ItemSKU = lp.ItemSku
LEFT JOIN alloc al ON al.ItemSku=lp.ItemSku AND al.WarehouseCode=lp.WarehouseCode AND al.PromiseWeekEndingDate=lp.WeekEndingDate
"
SupplyChain_Gold_Warehouse,Shared_DW,v_DimCalendar,"
CREATE VIEW Shared_DW.v_DimCalendar AS
SELECT
    CAL.SKDate                          AS DateSK,
    CAL.MapicsDate                      AS MapicsDate,
    CAL.Date                            AS [Date],
    CAL.Datetime                        AS Datetime,
    CAL.Calendar                        AS Calendar,
    CAL.CalendarDateName                AS CalendarDateName,
    CAL.CalDateIndicatorNum             AS CalDateIndicatorNum,
    CAL.CalDayOfWeekNum                 AS CalDayOfWeekNum,
    CAL.CalDayOfWeekName                AS CalDayOfWeekName,
    CAL.CalDayOfMonthNum                AS CalDayOfMonthNum,
    CAL.CalDayOfYearNum                 AS CalDayOfYearNum,
    CAL.CalWeekNum                      AS CalWeekNum,
    CAL.CalWeekIndicatorNum             AS CalWeekIndicatorNum,
    CAL.CalWeekYearNum                  AS CalWeekYearNum,
    CAL.CalWeekYearName                 AS CalWeekYearName,
    CAL.CalWeekFirst                    AS CalWeekFirst,
    CAL.CalWeekLast                     AS CalWeekLast,
    CAL.CalWeekOfMonthNum               AS CalWeekOfMonthNum,
    CAL.CalMonthNum                     AS CalMonthNum,
    CAL.CalMonthIndicatorNum            AS CalMonthIndicatorNum,
    CAL.CalMonthYearNum                 AS CalMonthYearNum,
    CAL.CalMonthName                    AS CalMonthName,
    CAL.CalMonthYearName                AS CalMonthYearName,
    CAL.CalMonthFirst                   AS CalMonthFirst,
    CAL.CalMonthLast                    AS CalMonthLast,
    CAL.CalQuarterNum                   AS CalQuarterNum,
    CAL.CalQuarterName                  AS CalQuarterName,
    CAL.CalQuarterIndicatorNum          AS CalQuarterIndicatorNum,
    CAL.CalQuarterYearNum               AS CalQuarterYearNum,
    CAL.CalQuarterYearName              AS CalQuarterYearName,
    CAL.CalSemesterNum                  AS CalSemesterNum,
    CAL.CalSemesterYearNum              AS CalSemesterYearNum,
    CAL.CalYearNum                      AS CalYearNum,
    CAL.CalYearName                     AS CalYearName,
    CAL.CalYearIndicatorNum             AS CalYearIndicatorNum,
    CAL.FiscalDate                      AS FiscalDate,
    CAL.FiscalDateName                  AS FiscalDateName,
    CAL.FSCDateIndicatorNum             AS FSCDateIndicatorNum,
    CAL.FSCDayOfWeekNum                 AS FSCDayOfWeekNum,
    CAL.FSCDayOfWeekName                AS FSCDayOfWeekName,
    CAL.FSCDayOfMonthNum                AS FSCDayOfMonthNum,
    CAL.FSCDayOfYearNum                 AS FSCDayOfYearNum,
    CAL.FSCWeekNum                      AS FSCWeekNum,
    CAL.FSCWeekIndicatorNum             AS FSCWeekIndicatorNum,
    CAL.FSCWeekYearNum                  AS FSCWeekYearNum,
    CAL.FSCWeekYearName                 AS FSCWeekYearName,
    CAL.FSCWeekFirst                    AS FSCWeekFirst,
    CAL.FSCWeekLast                     AS FSCWeekLast,
    CAL.FSCWeekOfMonthNum               AS FSCWeekOfMonthNum,
    CAL.FSCMonthNum                     AS FSCMonthNum,
    CAL.FSCMonthIndicatorNum            AS FSCMonthIndicatorNum,
    CAL.FSCMonthYearNum                 AS FSCMonthYearNum,
    CAL.FSCMonthName                    AS FSCMonthName,
    CAL.FSCMonthYearName                AS FSCMonthYearName,
    CAL.FSCMonthFirst                   AS FSCMonthFirst,
    CAL.FSCMonthLast                    AS FSCMonthLast,
    CAL.FSCQuarterNum                   AS FSCQuarterNum,
    CAL.FSCQuarterName                  AS FSCQuarterName,
    CAL.FSCQuarterIndicatorNum          AS FSCQuarterIndicatorNum,
    CAL.FSCQuarterYearNum               AS FSCQuarterYearNum,
    CAL.FSCQuarterYearName              AS FSCQuarterYearName,
    CAL.FSCQuarterFirst                 AS FSCQuarterFirst,
    CAL.FSCQuarterLast                  AS FSCQuarterLast,
    CAL.FSCSemesterNum                  AS FSCSemesterNum,
    CAL.FSCSemesterYearNum              AS FSCSemesterYearNum,
    CAL.FSCYearNum                      AS FSCYearNum,
    CAL.FSCYearName                     AS FSCYearName,
    CAL.FSCYearIndicatorNum             AS FSCYearIndicatorNum,
    CAL.FSCYearFirst                    AS FSCYearFirst,
    CAL.FSCYearLast                     AS FSCYearLast,
    CAL.HolidayIndicatorCode            AS HolidayIndicatorCode,
    CAL.HolidayName                     AS HolidayName,
    CAL.WorkingDayCode                  AS WorkingDayCode,
    CAL.WeekdayWeekendCode              AS WeekdayWeekendCode,
    CAST(GETUTCDATE() AS DATETIME2(6))  AS LoadDT
FROM SupplyChain_Processing_Warehouse.ReferenceMaster_Enh.Calendar AS CAL
"
SupplyChain_Gold_Warehouse,Shared_DW,v_DimProduct,"CREATE VIEW Shared_DW.v_DimProduct AS
-- ===========================================================================
-- Shared_DW.v_DimProduct — canonical shared item/product dimension
-- Generated 2026-05-29 from Forecast DimProduct compatibility contract +
-- Inventory Health item attributes. One physical key/column spelling: ItemSKU.
-- Source of record: Enterprise_Lakehouse.MasterData_DW.DimItemMaster.
-- ===========================================================================
SELECT
-- §A. Direct match (17 cols)
    RTRIM(d.[ItemSKU]) AS [ItemSKU],
    d.[Item],
    d.[SeriesName],
    d.[ItemClassCode],
    d.[ItemClassName],
    d.[ItemCode],
    d.[ItemStyleCode],
    d.[RetailCategoryCode],
    d.[RetailCategoryName],
    d.[AssociationCode],
    d.[SalesClassCode],
    d.[AFISalesCategoryCode],
    d.[AFISalesDivisionCode],
    d.[DiscountClassCode],
    d.[CommissionClassCode],
    d.[FreightClassCode],
    d.[ImportDomesticCode],

-- §B. Renamed aliases (42 cols) — v9 name kept for TMDL compat
    d.[ItemDescription] AS [ItemDescriptionName],
    d.[QtyInBox] AS [QtyInBoxNum],
    d.[UOM] AS [UOMCode],
    d.[SeriesColor] AS [SeriesColorName],
    d.[SeriesDescription] AS [SeriesDescriptionName],
    d.[SHSeriesDescription] AS [ShSeriesDescriptionName],
    d.[ItemClassName] AS [ItemClassFullName],
    d.[ItemGrouping] AS [ItemGroupingName],
    d.[ItemStyleGroup] AS [ItemStyleGroupName],
    d.[ItemStyle] AS [ItemStyleName],
    d.[ProductLine] AS [ProductLineName],
    d.[MerchandisingCategory] AS [MerchandisingCategoryName],
    d.[PricePoint] AS [PricePointName],
    d.[SalesClassDescription] AS [SalesClassDescriptionName],
    d.[SalesClass] AS [SalesClassName],
    d.[AFISalesCategory] AS [AFISalesCategoryName],
    d.[AFISalesDivision] AS [AFISalesDivisionName],
    d.[AFIFinanceDivision] AS [AFIFinanceDivisionName],
    d.[DiscountClassDescription] AS [DiscountClassDescriptionName],
    d.[DiscountClass] AS [DiscountClassName],
    d.[CommissionClassDescription] AS [CommissionClassDescriptionName],
    d.[CommissionClass] AS [CommissionClassName],
    d.[FreightClassDescription] AS [FreightClassDescriptionName],
    d.[FreightClass] AS [FreightClassName],
    d.[CollectiveClass] AS [CollectiveClassCode],
    d.[CollectiveClass] AS [CollectiveClassName],
    d.[ResponsibleOffice] AS [ResponsibleOfficeCode],
    d.[CountryofOrigin] AS [CountryOfOriginName],
    d.[AFIItemStatus] AS [AFIItemStatusCode],
    d.[ManufacturingStatus] AS [ManufacturingStatusCode],
    d.[MarketingItemStatus] AS [MarketingItemStatusCode],
    d.[ManufacturingStatusChangeDate] AS [ManufacturingStatusChange],
    d.[CommodityItem] AS [CommodityItemNum],
    d.[BenchcraftProductFlag] AS [IsBenchcraftProduct],
    d.[NewMillenniumProductFlag] AS [IsNewMillenniumProduct],
    d.[ShanghaiStore] AS [IsShanghaiStore],
    d.[DefaultGroup] AS [DefaultGroupNum],
    d.[MarketIntroducedAt] AS [MarketIntroducedAtName],
    d.[PrimaryVendor] AS [PrimaryVendorCode],
    d.[PrimaryVendor] AS [PrimaryVendorName],
    d.[InitialInvoicePeriod] AS [InitialInvoicePeriodCode],
    d.[ItemForecastPlannerID] AS [ItemForecastPlanner],

-- §C. NULL stubs (30 cols) — v9-only cols not in EL schema
    CAST(NULL AS VARCHAR(50)) AS [SKProduct],
    CAST(NULL AS VARCHAR(50)) AS [SCPItem],
    CAST(NULL AS VARCHAR(100)) AS [ColorName],
    CAST(NULL AS VARCHAR(50)) AS [SeriesCode],
    CAST(NULL AS VARCHAR(50)) AS [ExtSeriesCode],
    CAST(NULL AS VARCHAR(50)) AS [ItemExtSeriesCode],
    CAST(NULL AS VARCHAR(200)) AS [ItemDescSeriesName],
    CAST(NULL AS VARCHAR(200)) AS [ShItemDescSeriesName],
    CAST(NULL AS VARCHAR(200)) AS [ItemDescSeriesColorName],
    CAST(NULL AS VARCHAR(100)) AS [ChildStyleName],
    CAST(NULL AS VARCHAR(100)) AS [ParentStyleName],
    CAST(NULL AS VARCHAR(50)) AS [CexCode],
    CAST(NULL AS VARCHAR(20)) AS [CurrentSCPManufacturingStatusCode],
    CAST(NULL AS VARCHAR(100)) AS [MarketingStatusName],
    CAST(NULL AS VARCHAR(20)) AS [CurrentStatusCode],
    CAST(NULL AS BIT) AS [IsMainPiece],
    CAST(NULL AS VARCHAR(20)) AS [SellableItemCode],
    CAST(NULL AS BIT) AS [IsF123Product],
    CAST(NULL AS BIT) AS [IsHsCoreProduct],
    CAST(NULL AS BIT) AS [IsHsProprietaryProduct],
    CAST(NULL AS BIT) AS [IsHsExclusive],
    CAST(NULL AS BIT) AS [IsBerklineProduct],
    CAST(NULL AS BIT) AS [IsBardiniProduct],
    CAST(NULL AS DATE) AS [MarketBegin],
    CAST(NULL AS DATE) AS [MarketEnd],
    CAST(NULL AS DECIMAL(18,4)) AS [AmtFobPrice],
    CAST(NULL AS VARCHAR(20)) AS [GoodBetterBestCode],
    CAST(NULL AS INT) AS [GbbSortNum],
    CAST(NULL AS DECIMAL(18,4)) AS [QtyInitialInvoice],
    CAST(NULL AS VARCHAR(50)) AS [MainPieceCode],

-- §D. Bonus EL cols (118 cols) — extra columns from EL not exposed in v9 TMDL
    d.[AFIFinanceDivisionCode],
    d.[BardiniProductFlag],
    d.[BerklineProductFlag],
    d.[CEXCode] AS [CEXCodeSource],
    d.[CartonDepthInches],
    d.[CartonDepthMeters],
    d.[CartonHeightInches],
    d.[CartonHeightMeters],
    d.[CartonWidthInches],
    d.[CartonWidthMeters],
    d.[ChildStyleDescription],
    d.[Colors],
    d.[CommonCarrierFlag],
    d.[ConsumerChoiceFlag],
    d.[Cubes],
    d.[CurrentUnitCost],
    d.[DiningSeriesFlag],
    d.[DiscontinuedDate],
    d.[DiscontinuedFlag],
    d.[DiscontinuedYearPeriod],
    d.[Division],
    d.[DivisionRanking],
    d.[ERetailChannelSku],
    d.[ERetailSeriesName],
    d.[ERetailSeriesNumber],
    d.[EligibleForProtectionPlan],
    d.[ExclusiveComment],
    d.[ExpressShipFlag],
    d.[ExtSeriesNumber],
    d.[F123ProductFlag],
    d.[FOBArcPrice],
    d.[FluffAFI],
    d.[FrameNumber],
    d.[FriendlyDimensions],
    d.[GBBSortId],
    d.[GoodBetterBestForPricePoint],
    d.[GroupPriceIncr],
    d.[GroupPricePointType],
    d.[HSCoreProductFlag],
    d.[HSExclusiveFlag],
    d.[HSProprietaryProductFlag],
    d.[InitialInvoiceQty],
    d.[IsProtectionPlan],
    d.[ItemAmazonBrandOwner],
    d.[ItemBedSizeType],
    d.[ItemBedStyleType],
    d.[ItemClass],
    d.[ItemConsumerDescription],
    d.[ItemDescriptionSeries],
    d.[ItemDescriptionSeriesItemColor],
    d.[ItemEcomMerchantNotes],
    d.[ItemGeneralColor],
    d.[ItemHomeStoreProductLine],
    d.[ItemImage],
    d.[ItemIsRTA],
    d.[ItemKey],
    d.[ItemMerchGridOverridePhoto],
    d.[ItemName],
    d.[ItemPricePointRating],
    d.[ItemSupplierDirectShipOnly],
    d.[ItemTableShapeType],
    d.[ItemThirdPartyItem],
    d.[ItemType],
    d.[KeyItem],
    d.[Knockout],
    d.[Lifestyle],
    CAST(GETUTCDATE() AS DATETIME2(6)) AS [LoadDT],
    d.[MainPieceItem],
    d.[MarketBeginDate],
    d.[MarketEndDate],
    d.[MarketingStatusDescription],
    d.[MasterGroupCode],
    d.[Material],
    d.[MfgWarranty],
    d.[NewItemFlag],
    d.[ParentStyleDescription],
    d.[PowerMotionSeriesFlag],
    d.[PreviousStatusCode],
    d.[PrimaryChannelSku],
    d.[PrimarySeriesName],
    d.[PrimarySeriesNumber],
    d.[ProductDepthInches],
    d.[ProductDepthMeters],
    d.[ProductHeightInches],
    d.[ProductHeightMeters],
    d.[ProductWidthInches],
    d.[ProductWidthMeters],
    d.[ReclinerSeriesFlag],
    d.[ResponsibleOfficeName],
    d.[RetailBrandName],
    d.[RetailCategoryChargeType],
    d.[RetailCategoryDescription],
    d.[RetailCategoryGroup],
    d.[RetailDepartmentName],
    d.[RetailTypeDescription],
    d.[RowID],
    d.[SHItemDescriptionSeries],
    d.[Scene7ImageSet],
    d.[Seats],
    d.[SellableItemFlag],
    d.[SeriesDateArchived],
    d.[SeriesDiscontinuedFlag],
    d.[SeriesFeatures],
    d.[SeriesGrouping],
    d.[SeriesImage],
    d.[SeriesMainImage],
    d.[SeriesNumber],
    d.[SeriesPrimary],
    d.[SeriesThirdParty],
    d.[Showroom],
    d.[SofaTableSeriesFlag],
    d.[StandAloneFlag],
    d.[StatusCodeChangeDate],
    d.[SuppWeightNetWeightLbs],
    d.[TrendArrow],
    d.[UPC],
    d.[UnitWeightLbs],
    d.[WedgeSeriesFlag],
    CAST(d.[ItemDescription] AS VARCHAR(200)) AS [ItemDescription],
    CAST(d.[RetailCategoryName] AS VARCHAR(100)) AS [CategoryName],
    CAST(d.[RetailCategoryCode] AS VARCHAR(50)) AS [CategoryCode],
    CAST(d.[CollectiveClass] AS VARCHAR(50)) AS [CollectiveClass],
    CAST(d.[SeriesDescription] AS VARCHAR(200)) AS [SeriesDescription],
    CAST(TRIM(d.[AFIItemStatus]) AS VARCHAR(10)) AS [AfiItemStatus],
    CAST(CASE
        WHEN d.[DiscontinuedFlag] = 1 THEN 'Discontinued'
        WHEN TRIM(d.[AFIItemStatus]) = 'N' THEN 'New'
        WHEN TRIM(d.[AFIItemStatus]) = 'A' THEN 'Active'
        WHEN TRIM(d.[AFIItemStatus]) IN ('D','R') THEN 'Inactive'
        ELSE 'Other'
    END AS VARCHAR(20)) AS [LifecycleStatus],
    CAST(TRIM(d.[PrimaryVendor]) AS VARCHAR(50)) AS [PrimaryVendorNumber],
    CAST(v.[VendorName] AS VARCHAR(200)) AS [PrimaryVendorDisplayName],
    CAST(CASE
        WHEN LEFT(TRIM(d.[ItemClassCode]),1) = 'Z' AND RIGHT(TRIM(d.[ItemClassCode]),1) = 'K'
        THEN 1 ELSE 0 END AS BIT) AS [IsFinishedGoodsItem],
    CAST(ISNULL(u.[UnavailableFlag], 0) AS BIT) AS [UnavailableFlag]
FROM [Enterprise_Lakehouse].[MasterData_DW].[DimItemMaster] d
LEFT JOIN [Enterprise_Lakehouse].[Purchasing_AFI].[VendorMaster] v
       ON TRIM(v.[VendorNumber]) = TRIM(d.[PrimaryVendor])
LEFT JOIN (
    SELECT TRIM([ITNBR]) AS [ItemSKU],
           MAX(CASE WHEN TRIM([MFPUS]) = 'U' THEN 1 ELSE 0 END) AS [UnavailableFlag]
    FROM [Enterprise_Lakehouse].[ItemMaster_AFI].[ITBEXT]
    WHERE [ITNBR] IS NOT NULL AND TRIM([ITNBR]) <> ''
    GROUP BY TRIM([ITNBR])
) u ON u.[ItemSKU] = TRIM(d.[ItemSKU])
WHERE d.[ItemSKU] IS NOT NULL AND TRIM(d.[ItemSKU]) <> ''
"
SupplyChain_Gold_Warehouse,Shared_DW,v_DimWarehouse,"
CREATE VIEW Shared_DW.v_DimWarehouse AS
WITH fa AS (
    SELECT
        CAST(TRIM(WarehouseCode) AS VARCHAR(50))             AS WarehouseCode,
        CAST(AFIWarehousesKey AS INT)                        AS AFIWarehousesKey,
        CAST(TRIM(IntransitWarehouse) AS VARCHAR(50))        AS IntransitWarehouse,
        CAST(TRIM(ContainerDirectWarehouse) AS VARCHAR(50))  AS ContainerDirectWarehouse,
        CAST(ControlledWarehouse AS INT)                     AS ControlledWarehouse,
        CAST(TRIM(WarehouseLocation) AS VARCHAR(100))        AS WarehouseLocation,
        CAST(TRIM(WarehouseOrderGroup) AS VARCHAR(100))      AS WarehouseOrderGroup,
        CAST(FinanceInventoryReportFlag AS INT)              AS FinanceInventoryReportFlag
    FROM SupplyChain_Processing_Warehouse.ReferenceMaster_Enh.Warehouse
    WHERE WarehouseCode IS NOT NULL AND TRIM(WarehouseCode) <> ''
),
ih AS (
    SELECT
        CAST(TRIM(wmaWarehouse) AS VARCHAR(50))              AS WarehouseCode,
        CAST(TRIM(wmaWarehouse) AS VARCHAR(50))              AS WarehouseName,
        CAST(TRIM(wmaWarehouseType) AS VARCHAR(100))         AS WarehouseType,
        CAST(TRIM(wmaWarehouseOrderGroup) AS VARCHAR(50))    AS IH_WarehouseOrderGroup,
        CAST(TRIM(wmaWarehouseSourceId) AS VARCHAR(50))      AS WarehouseSourceId,
        CAST(wmaSellableWarehouse AS BIT)                    AS SellableWarehouseFlag,
        CAST(wmaControlled AS BIT)                           AS ControlledFlag,
        CAST(TRIM(wmaWhereMade) AS VARCHAR(50))              AS WhereMadeCode,
        CAST(TRIM(wmaManufacturingSite) AS VARCHAR(50))      AS ManufacturingSite,
        CAST(TRIM(wmaIntransitWarehouse) AS VARCHAR(50))     AS IntransitWarehouseCode,
        CAST(CASE WHEN TRIM(wmaWarehouse) IN ('1','5','15','17','28','335','ECR')
                  THEN 1 ELSE 0 END AS BIT)                 AS IsFinishedGoodsWarehouse,
        CAST(CASE WHEN TRIM(wmaWarehouse) NOT IN ('1','5','15','17','28','335','ECR')
                  THEN 1 ELSE 0 END AS BIT)                 AS IsManufacturingWarehouse,
        CAST(NULL AS DECIMAL(18,4))                          AS TotalAvailableWarehouseCube
    FROM [Enterprise_Lakehouse].[Wholesale_Codis_AFI].[AshleyWarehouseMaster]
    WHERE wmaWarehouse IS NOT NULL AND TRIM(wmaWarehouse) <> ''
)
SELECT
    COALESCE(fa.WarehouseCode, ih.WarehouseCode)             AS WarehouseCode,
    fa.AFIWarehousesKey,
    fa.IntransitWarehouse,
    fa.ContainerDirectWarehouse,
    fa.ControlledWarehouse,
    CAST(COALESCE(NULLIF(fa.WarehouseOrderGroup, ''),
                  NULLIF(fa.WarehouseLocation, ''),
                  NULLIF(ih.IH_WarehouseOrderGroup, ''),
                  COALESCE(fa.WarehouseCode, ih.WarehouseCode)) AS VARCHAR(100)) AS WarehouseLocation,
    COALESCE(fa.WarehouseOrderGroup, ih.IH_WarehouseOrderGroup) AS WarehouseOrderGroup,
    fa.FinanceInventoryReportFlag,
    ih.WarehouseName,
    ih.WarehouseType,
    ih.WarehouseSourceId,
    ih.SellableWarehouseFlag,
    ih.ControlledFlag,
    ih.WhereMadeCode,
    ih.ManufacturingSite,
    ih.IntransitWarehouseCode,
    ih.IsFinishedGoodsWarehouse,
    ih.IsManufacturingWarehouse,
    ih.TotalAvailableWarehouseCube,
    CAST(GETUTCDATE() AS DATETIME2(6))                       AS LoadDT
FROM fa
FULL OUTER JOIN ih
    ON fa.WarehouseCode = ih.WarehouseCode;
"
